s0,s1,s2,s3,s4,s5,s6,s7,s8,s9,s10,s11,s12,s13,s14,s15,s16,s17,s18,s19,s20,s21,s22,s23,s24,s25,s26,s27,s28,s29,s30,s31,s32,s33,action,next_s0,next_s1,next_s2,next_s3,next_s4,next_s5,next_s6,next_s7,next_s8,next_s9,next_s10,next_s11,next_s12,next_s13,next_s14,next_s15,next_s16,next_s17,next_s18,next_s19,next_s20,next_s21,next_s22,next_s23,next_s24,next_s25,next_s26,next_s27,next_s28,next_s29,next_s30,next_s31,next_s32,next_s33,reward
4.0,2.2e-05,0.09113311767578125,5000.0,5.0,1.0,4.0,3.3e-05,0.09113311767578125,5000.0,5.0,1.0,4.0,3.4e-05,0.09113311767578125,5000.0,5.0,1.0,4.0,3.4e-05,0.09113311767578125,5000.0,5.0,1.0,4.0,3.1e-05,0.09113311767578125,5000.0,5.0,1.0,5.0,5.0,15.0,0.25,0,4.0,5.7e-05,0.09113311767578125,5000.0,5.0,1.0,4.0,5.7e-05,0.09113311767578125,5000.0,5.0,1.0,4.0,5.6e-05,0.09113311767578125,5000.0,5.0,1.0,4.0,5.6e-05,0.09113311767578125,5000.0,5.0,1.0,4.0,5.3e-05,0.09113311767578125,5000.0,5.0,1.0,5.0,5.0,15.0,0.25,0.0
4.0,2.2e-05,0.09113311767578125,5000.0,5.0,1.0,4.0,3.3e-05,0.09113311767578125,5000.0,5.0,1.0,4.0,3.4e-05,0.09113311767578125,5000.0,5.0,1.0,4.0,3.4e-05,0.09113311767578125,5000.0,5.0,1.0,4.0,3.1e-05,0.09113311767578125,5000.0,5.0,1.0,5.0,5.0,15.0,0.25,1,4.0,8.2e-05,0.09113311767578125,5000.0,5.0,1.0,4.0,8.1e-05,0.09113311767578125,5000.0,5.0,1.0,4.0,8e-05,0.09113311767578125,5000.0,5.0,1.0,4.0,8e-05,0.09113311767578125,5000.0,5.0,1.0,4.0,7.6e-05,0.09113311767578125,5000.0,5.0,1.0,5.0,5.0,15.0,0.25,0.0
4.0,2.2e-05,0.09113311767578125,5000.0,5.0,1.0,4.0,3.3e-05,0.09113311767578125,5000.0,5.0,1.0,4.0,3.4e-05,0.09113311767578125,5000.0,5.0,1.0,4.0,3.4e-05,0.09113311767578125,5000.0,5.0,1.0,4.0,3.1e-05,0.09113311767578125,5000.0,5.0,1.0,5.0,5.0,15.0,0.25,2,4.0,0.000102,0.09113311767578125,5000.0,5.0,1.0,4.0,0.000101,0.09113311767578125,5000.0,5.0,1.0,4.0,0.0001,0.09113311767578125,5000.0,5.0,1.0,4.0,0.0001,0.09113311767578125,5000.0,5.0,1.0,4.0,9.7e-05,0.09113311767578125,5000.0,5.0,1.0,5.0,5.0,15.0,0.25,0.0
4.0,2.2e-05,0.09113311767578125,5000.0,5.0,1.0,4.0,3.3e-05,0.09113311767578125,5000.0,5.0,1.0,4.0,3.4e-05,0.09113311767578125,5000.0,5.0,1.0,4.0,3.4e-05,0.09113311767578125,5000.0,5.0,1.0,4.0,3.1e-05,0.09113311767578125,5000.0,5.0,1.0,5.0,5.0,15.0,0.25,3,4.0,0.000126,0.09113311767578125,5000.0,5.0,1.0,4.0,0.000125,0.09113311767578125,5000.0,5.0,1.0,4.0,0.000124,0.09113311767578125,5000.0,5.0,1.0,4.0,0.000124,0.09113311767578125,5000.0,5.0,1.0,4.0,0.00012,0.09113311767578125,5000.0,5.0,1.0,5.0,5.0,15.0,0.25,0.0
4.0,2.2e-05,0.09113311767578125,5000.0,5.0,1.0,4.0,3.3e-05,0.09113311767578125,5000.0,5.0,1.0,4.0,3.4e-05,0.09113311767578125,5000.0,5.0,1.0,4.0,3.4e-05,0.09113311767578125,5000.0,5.0,1.0,4.0,3.1e-05,0.09113311767578125,5000.0,5.0,1.0,5.0,5.0,15.0,0.25,4,4.0,0.000145,0.09113311767578125,5000.0,5.0,1.0,4.0,0.000144,0.09113311767578125,5000.0,5.0,1.0,4.0,0.000142,0.09113311767578125,5000.0,5.0,1.0,4.0,0.000142,0.09113311767578125,5000.0,5.0,1.0,4.0,0.000138,0.09113311767578125,5000.0,5.0,1.0,5.0,5.0,15.0,0.25,0.0
4.0,0.000163,0.09113311767578125,5000.0,5.0,1.0,4.0,0.000162,0.09113311767578125,5000.0,5.0,1.0,4.0,0.000162,0.09113311767578125,5000.0,5.0,1.0,4.0,0.000158,0.09113311767578125,5000.0,5.0,1.0,3.0,0.00033,0.0027608871459960938,500.0,3.0,1.0,5.0,5.0,15.0,0.25,0,4.0,0.000179,0.09113311767578125,5000.0,5.0,1.0,4.0,0.000178,0.09113311767578125,5000.0,5.0,1.0,4.0,0.000178,0.09113311767578125,5000.0,5.0,1.0,4.0,0.000175,0.09113311767578125,5000.0,5.0,1.0,3.0,0.000346,0.0027608871459960938,500.0,3.0,1.0,5.0,5.0,15.0,0.25,0.0
4.0,0.000163,0.09113311767578125,5000.0,5.0,1.0,4.0,0.000162,0.09113311767578125,5000.0,5.0,1.0,4.0,0.000162,0.09113311767578125,5000.0,5.0,1.0,4.0,0.000158,0.09113311767578125,5000.0,5.0,1.0,3.0,0.00033,0.0027608871459960938,500.0,3.0,1.0,5.0,5.0,15.0,0.25,1,4.0,0.000204,0.09113311767578125,5000.0,5.0,1.0,4.0,0.000203,0.09113311767578125,5000.0,5.0,1.0,4.0,0.000203,0.09113311767578125,5000.0,5.0,1.0,4.0,0.000199,0.09113311767578125,5000.0,5.0,1.0,3.0,0.000371,0.0027608871459960938,500.0,3.0,1.0,5.0,5.0,15.0,0.25,0.0
4.0,0.000163,0.09113311767578125,5000.0,5.0,1.0,4.0,0.000162,0.09113311767578125,5000.0,5.0,1.0,4.0,0.000162,0.09113311767578125,5000.0,5.0,1.0,4.0,0.000158,0.09113311767578125,5000.0,5.0,1.0,3.0,0.00033,0.0027608871459960938,500.0,3.0,1.0,5.0,5.0,15.0,0.25,2,4.0,0.000223,0.09113311767578125,5000.0,5.0,1.0,4.0,0.000222,0.09113311767578125,5000.0,5.0,1.0,4.0,0.000222,0.09113311767578125,5000.0,5.0,1.0,4.0,0.000218,0.09113311767578125,5000.0,5.0,1.0,3.0,0.00039,0.0027608871459960938,500.0,3.0,1.0,5.0,5.0,15.0,0.25,0.0
4.0,0.000163,0.09113311767578125,5000.0,5.0,1.0,4.0,0.000162,0.09113311767578125,5000.0,5.0,1.0,4.0,0.000162,0.09113311767578125,5000.0,5.0,1.0,4.0,0.000158,0.09113311767578125,5000.0,5.0,1.0,3.0,0.00033,0.0027608871459960938,500.0,3.0,1.0,5.0,5.0,15.0,0.25,3,4.0,0.000246,0.09113311767578125,5000.0,5.0,1.0,4.0,0.000245,0.09113311767578125,5000.0,5.0,1.0,4.0,0.000244,0.09113311767578125,5000.0,5.0,1.0,4.0,0.000241,0.09113311767578125,5000.0,5.0,1.0,3.0,0.000412,0.0027608871459960938,500.0,3.0,1.0,5.0,5.0,15.0,0.25,0.0
4.0,0.000163,0.09113311767578125,5000.0,5.0,1.0,4.0,0.000162,0.09113311767578125,5000.0,5.0,1.0,4.0,0.000162,0.09113311767578125,5000.0,5.0,1.0,4.0,0.000158,0.09113311767578125,5000.0,5.0,1.0,3.0,0.00033,0.0027608871459960938,500.0,3.0,1.0,5.0,5.0,15.0,0.25,4,4.0,0.000264,0.09113311767578125,5000.0,5.0,1.0,4.0,0.000263,0.09113311767578125,5000.0,5.0,1.0,4.0,0.000263,0.09113311767578125,5000.0,5.0,1.0,4.0,0.000259,0.09113311767578125,5000.0,5.0,1.0,3.0,0.000431,0.0027608871459960938,500.0,3.0,1.0,5.0,5.0,15.0,0.25,0.0
4.0,0.000286,0.09113311767578125,5000.0,5.0,1.0,4.0,0.000285,0.09113311767578125,5000.0,5.0,1.0,4.0,0.000285,0.09113311767578125,5000.0,5.0,1.0,4.0,0.000281,0.09113311767578125,5000.0,5.0,1.0,3.0,0.000449,0.0027608871459960938,500.0,3.0,1.0,5.0,5.0,15.0,0.25,0,4.0,0.000302,0.09113311767578125,5000.0,5.0,1.0,4.0,0.000301,0.09113311767578125,5000.0,5.0,1.0,4.0,0.000301,0.09113311767578125,5000.0,5.0,1.0,4.0,0.000297,0.09113311767578125,5000.0,5.0,1.0,3.0,0.000465,0.0027608871459960938,500.0,3.0,1.0,5.0,5.0,15.0,0.25,0.0
4.0,0.000286,0.09113311767578125,5000.0,5.0,1.0,4.0,0.000285,0.09113311767578125,5000.0,5.0,1.0,4.0,0.000285,0.09113311767578125,5000.0,5.0,1.0,4.0,0.000281,0.09113311767578125,5000.0,5.0,1.0,3.0,0.000449,0.0027608871459960938,500.0,3.0,1.0,5.0,5.0,15.0,0.25,1,4.0,0.000321,0.09113311767578125,5000.0,5.0,1.0,4.0,0.00032,0.09113311767578125,5000.0,5.0,1.0,4.0,0.000319,0.09113311767578125,5000.0,5.0,1.0,4.0,0.000316,0.09113311767578125,5000.0,5.0,1.0,3.0,0.000484,0.0027608871459960938,500.0,3.0,1.0,5.0,5.0,15.0,0.25,0.0
4.0,0.000286,0.09113311767578125,5000.0,5.0,1.0,4.0,0.000285,0.09113311767578125,5000.0,5.0,1.0,4.0,0.000285,0.09113311767578125,5000.0,5.0,1.0,4.0,0.000281,0.09113311767578125,5000.0,5.0,1.0,3.0,0.000449,0.0027608871459960938,500.0,3.0,1.0,5.0,5.0,15.0,0.25,2,4.0,0.000339,0.09113311767578125,5000.0,5.0,1.0,4.0,0.000338,0.09113311767578125,5000.0,5.0,1.0,4.0,0.000338,0.09113311767578125,5000.0,5.0,1.0,4.0,0.000334,0.09113311767578125,5000.0,5.0,1.0,3.0,0.000502,0.0027608871459960938,500.0,3.0,1.0,5.0,5.0,15.0,0.25,0.0
4.0,0.000286,0.09113311767578125,5000.0,5.0,1.0,4.0,0.000285,0.09113311767578125,5000.0,5.0,1.0,4.0,0.000285,0.09113311767578125,5000.0,5.0,1.0,4.0,0.000281,0.09113311767578125,5000.0,5.0,1.0,3.0,0.000449,0.0027608871459960938,500.0,3.0,1.0,5.0,5.0,15.0,0.25,3,4.0,0.000357,0.09113311767578125,5000.0,5.0,1.0,4.0,0.000356,0.09113311767578125,5000.0,5.0,1.0,4.0,0.000356,0.09113311767578125,5000.0,5.0,1.0,4.0,0.000352,0.09113311767578125,5000.0,5.0,1.0,3.0,0.00052,0.0027608871459960938,500.0,3.0,1.0,5.0,5.0,15.0,0.25,0.0
4.0,0.000286,0.09113311767578125,5000.0,5.0,1.0,4.0,0.000285,0.09113311767578125,5000.0,5.0,1.0,4.0,0.000285,0.09113311767578125,5000.0,5.0,1.0,4.0,0.000281,0.09113311767578125,5000.0,5.0,1.0,3.0,0.000449,0.0027608871459960938,500.0,3.0,1.0,5.0,5.0,15.0,0.25,4,4.0,0.000375,0.09113311767578125,5000.0,5.0,1.0,4.0,0.000374,0.09113311767578125,5000.0,5.0,1.0,4.0,0.000374,0.09113311767578125,5000.0,5.0,1.0,4.0,0.00037,0.09113311767578125,5000.0,5.0,1.0,3.0,0.000538,0.0027608871459960938,500.0,3.0,1.0,5.0,5.0,15.0,0.25,0.0
4.0,0.000396,0.09113311767578125,5000.0,5.0,1.0,4.0,0.000395,0.09113311767578125,5000.0,5.0,1.0,4.0,0.000395,0.09113311767578125,5000.0,5.0,1.0,4.0,0.000391,0.09113311767578125,5000.0,5.0,1.0,4.0,0.000441,0.0027608871459960938,500.0,3.0,1.0,5.0,5.0,15.0,0.25,0,4.0,0.000411,0.09113311767578125,5000.0,5.0,1.0,4.0,0.00041,0.09113311767578125,5000.0,5.0,1.0,4.0,0.00041,0.09113311767578125,5000.0,5.0,1.0,4.0,0.000406,0.09113311767578125,5000.0,5.0,1.0,4.0,0.000456,0.0027608871459960938,500.0,3.0,1.0,5.0,5.0,15.0,0.25,0.0
4.0,0.000396,0.09113311767578125,5000.0,5.0,1.0,4.0,0.000395,0.09113311767578125,5000.0,5.0,1.0,4.0,0.000395,0.09113311767578125,5000.0,5.0,1.0,4.0,0.000391,0.09113311767578125,5000.0,5.0,1.0,4.0,0.000441,0.0027608871459960938,500.0,3.0,1.0,5.0,5.0,15.0,0.25,1,4.0,0.00043,0.09113311767578125,5000.0,5.0,1.0,4.0,0.000428,0.09113311767578125,5000.0,5.0,1.0,4.0,0.000428,0.09113311767578125,5000.0,5.0,1.0,4.0,0.000425,0.09113311767578125,5000.0,5.0,1.0,4.0,0.000474,0.0027608871459960938,500.0,3.0,1.0,5.0,5.0,15.0,0.25,0.0
4.0,0.000396,0.09113311767578125,5000.0,5.0,1.0,4.0,0.000395,0.09113311767578125,5000.0,5.0,1.0,4.0,0.000395,0.09113311767578125,5000.0,5.0,1.0,4.0,0.000391,0.09113311767578125,5000.0,5.0,1.0,4.0,0.000441,0.0027608871459960938,500.0,3.0,1.0,5.0,5.0,15.0,0.25,2,4.0,0.000448,0.09113311767578125,5000.0,5.0,1.0,4.0,0.000447,0.09113311767578125,5000.0,5.0,1.0,4.0,0.000447,0.09113311767578125,5000.0,5.0,1.0,4.0,0.000443,0.09113311767578125,5000.0,5.0,1.0,4.0,0.000493,0.0027608871459960938,500.0,3.0,1.0,5.0,5.0,15.0,0.25,0.0
4.0,0.000396,0.09113311767578125,5000.0,5.0,1.0,4.0,0.000395,0.09113311767578125,5000.0,5.0,1.0,4.0,0.000395,0.09113311767578125,5000.0,5.0,1.0,4.0,0.000391,0.09113311767578125,5000.0,5.0,1.0,4.0,0.000441,0.0027608871459960938,500.0,3.0,1.0,5.0,5.0,15.0,0.25,3,4.0,0.000466,0.09113311767578125,5000.0,5.0,1.0,4.0,0.000465,0.09113311767578125,5000.0,5.0,1.0,4.0,0.000465,0.09113311767578125,5000.0,5.0,1.0,4.0,0.000462,0.09113311767578125,5000.0,5.0,1.0,4.0,0.000511,0.0027608871459960938,500.0,3.0,1.0,5.0,5.0,15.0,0.25,0.0
4.0,0.000396,0.09113311767578125,5000.0,5.0,1.0,4.0,0.000395,0.09113311767578125,5000.0,5.0,1.0,4.0,0.000395,0.09113311767578125,5000.0,5.0,1.0,4.0,0.000391,0.09113311767578125,5000.0,5.0,1.0,4.0,0.000441,0.0027608871459960938,500.0,3.0,1.0,5.0,5.0,15.0,0.25,4,4.0,0.000485,0.09113311767578125,5000.0,5.0,1.0,4.0,0.000484,0.09113311767578125,5000.0,5.0,1.0,4.0,0.000483,0.09113311767578125,5000.0,5.0,1.0,4.0,0.00048,0.09113311767578125,5000.0,5.0,1.0,4.0,0.00053,0.0027608871459960938,500.0,3.0,1.0,5.0,5.0,15.0,0.25,0.0
4.0,0.000505,0.09113311767578125,5000.0,5.0,1.0,4.0,0.000504,0.09113311767578125,5000.0,5.0,1.0,4.0,0.000504,0.09113311767578125,5000.0,5.0,1.0,4.0,0.0005,0.09113311767578125,5000.0,5.0,1.0,4.0,0.000547,0.0027608871459960938,500.0,3.0,1.0,5.0,5.0,15.0,0.25,0,4.0,0.00052,0.09113311767578125,5000.0,5.0,1.0,4.0,0.000519,0.09113311767578125,5000.0,5.0,1.0,4.0,0.000519,0.09113311767578125,5000.0,5.0,1.0,4.0,0.000516,0.09113311767578125,5000.0,5.0,1.0,4.0,0.000562,0.0027608871459960938,500.0,3.0,1.0,5.0,5.0,15.0,0.25,0.0
4.0,0.000505,0.09113311767578125,5000.0,5.0,1.0,4.0,0.000504,0.09113311767578125,5000.0,5.0,1.0,4.0,0.000504,0.09113311767578125,5000.0,5.0,1.0,4.0,0.0005,0.09113311767578125,5000.0,5.0,1.0,4.0,0.000547,0.0027608871459960938,500.0,3.0,1.0,5.0,5.0,15.0,0.25,1,4.0,0.000538,0.09113311767578125,5000.0,5.0,1.0,4.0,0.000537,0.09113311767578125,5000.0,5.0,1.0,4.0,0.000537,0.09113311767578125,5000.0,5.0,1.0,4.0,0.000534,0.09113311767578125,5000.0,5.0,1.0,4.0,0.000581,0.0027608871459960938,500.0,3.0,1.0,5.0,5.0,15.0,0.25,0.0
4.0,0.000505,0.09113311767578125,5000.0,5.0,1.0,4.0,0.000504,0.09113311767578125,5000.0,5.0,1.0,4.0,0.000504,0.09113311767578125,5000.0,5.0,1.0,4.0,0.0005,0.09113311767578125,5000.0,5.0,1.0,4.0,0.000547,0.0027608871459960938,500.0,3.0,1.0,5.0,5.0,15.0,0.25,2,4.0,0.000558,0.09113311767578125,5000.0,5.0,1.0,4.0,0.000557,0.09113311767578125,5000.0,5.0,1.0,4.0,0.000556,0.09113311767578125,5000.0,5.0,1.0,4.0,0.000553,0.09113311767578125,5000.0,5.0,1.0,4.0,0.0006,0.0027608871459960938,500.0,3.0,1.0,5.0,5.0,15.0,0.25,0.0
4.0,0.000505,0.09113311767578125,5000.0,5.0,1.0,4.0,0.000504,0.09113311767578125,5000.0,5.0,1.0,4.0,0.000504,0.09113311767578125,5000.0,5.0,1.0,4.0,0.0005,0.09113311767578125,5000.0,5.0,1.0,4.0,0.000547,0.0027608871459960938,500.0,3.0,1.0,5.0,5.0,15.0,0.25,3,4.0,0.000576,0.09113311767578125,5000.0,5.0,1.0,4.0,0.000575,0.09113311767578125,5000.0,5.0,1.0,4.0,0.000575,0.09113311767578125,5000.0,5.0,1.0,4.0,0.000572,0.09113311767578125,5000.0,5.0,1.0,4.0,0.000618,0.0027608871459960938,500.0,3.0,1.0,5.0,5.0,15.0,0.25,0.0
4.0,0.000505,0.09113311767578125,5000.0,5.0,1.0,4.0,0.000504,0.09113311767578125,5000.0,5.0,1.0,4.0,0.000504,0.09113311767578125,5000.0,5.0,1.0,4.0,0.0005,0.09113311767578125,5000.0,5.0,1.0,4.0,0.000547,0.0027608871459960938,500.0,3.0,1.0,5.0,5.0,15.0,0.25,4,4.0,0.000595,0.09113311767578125,5000.0,5.0,1.0,4.0,0.000594,0.09113311767578125,5000.0,5.0,1.0,4.0,0.000593,0.09113311767578125,5000.0,5.0,1.0,4.0,0.00059,0.09113311767578125,5000.0,5.0,1.0,4.0,0.000637,0.0027608871459960938,500.0,3.0,1.0,5.0,5.0,15.0,0.25,0.0
4.0,0.000615,0.09113311767578125,5000.0,5.0,1.0,4.0,0.000614,0.09113311767578125,5000.0,5.0,1.0,4.0,0.000614,0.09113311767578125,5000.0,5.0,1.0,4.0,0.00061,0.09113311767578125,5000.0,5.0,1.0,4.0,0.000654,0.0027608871459960938,500.0,3.0,1.0,5.0,5.0,15.0,0.25,0,4.0,0.00063,0.09113311767578125,5000.0,5.0,1.0,4.0,0.000629,0.09113311767578125,5000.0,5.0,1.0,4.0,0.000629,0.09113311767578125,5000.0,5.0,1.0,4.0,0.000625,0.09113311767578125,5000.0,5.0,1.0,4.0,0.000669,0.0027608871459960938,500.0,3.0,1.0,5.0,5.0,15.0,0.25,0.0
4.0,0.000615,0.09113311767578125,5000.0,5.0,1.0,4.0,0.000614,0.09113311767578125,5000.0,5.0,1.0,4.0,0.000614,0.09113311767578125,5000.0,5.0,1.0,4.0,0.00061,0.09113311767578125,5000.0,5.0,1.0,4.0,0.000654,0.0027608871459960938,500.0,3.0,1.0,5.0,5.0,15.0,0.25,1,4.0,0.000648,0.09113311767578125,5000.0,5.0,1.0,4.0,0.000647,0.09113311767578125,5000.0,5.0,1.0,4.0,0.000647,0.09113311767578125,5000.0,5.0,1.0,4.0,0.000644,0.09113311767578125,5000.0,5.0,1.0,4.0,0.000687,0.0027608871459960938,500.0,3.0,1.0,5.0,5.0,15.0,0.25,0.0
4.0,0.000615,0.09113311767578125,5000.0,5.0,1.0,4.0,0.000614,0.09113311767578125,5000.0,5.0,1.0,4.0,0.000614,0.09113311767578125,5000.0,5.0,1.0,4.0,0.00061,0.09113311767578125,5000.0,5.0,1.0,4.0,0.000654,0.0027608871459960938,500.0,3.0,1.0,5.0,5.0,15.0,0.25,2,4.0,0.000666,0.09113311767578125,5000.0,5.0,1.0,4.0,0.000665,0.09113311767578125,5000.0,5.0,1.0,4.0,0.000665,0.09113311767578125,5000.0,5.0,1.0,4.0,0.000662,0.09113311767578125,5000.0,5.0,1.0,4.0,0.000705,0.0027608871459960938,500.0,3.0,1.0,5.0,5.0,15.0,0.25,0.0
4.0,0.000615,0.09113311767578125,5000.0,5.0,1.0,4.0,0.000614,0.09113311767578125,5000.0,5.0,1.0,4.0,0.000614,0.09113311767578125,5000.0,5.0,1.0,4.0,0.00061,0.09113311767578125,5000.0,5.0,1.0,4.0,0.000654,0.0027608871459960938,500.0,3.0,1.0,5.0,5.0,15.0,0.25,3,4.0,0.000684,0.09113311767578125,5000.0,5.0,1.0,4.0,0.000683,0.09113311767578125,5000.0,5.0,1.0,4.0,0.000683,0.09113311767578125,5000.0,5.0,1.0,4.0,0.00068,0.09113311767578125,5000.0,5.0,1.0,4.0,0.000723,0.0027608871459960938,500.0,3.0,1.0,5.0,5.0,15.0,0.25,0.0
4.0,0.000615,0.09113311767578125,5000.0,5.0,1.0,4.0,0.000614,0.09113311767578125,5000.0,5.0,1.0,4.0,0.000614,0.09113311767578125,5000.0,5.0,1.0,4.0,0.00061,0.09113311767578125,5000.0,5.0,1.0,4.0,0.000654,0.0027608871459960938,500.0,3.0,1.0,5.0,5.0,15.0,0.25,4,4.0,0.000702,0.09113311767578125,5000.0,5.0,1.0,4.0,0.000701,0.09113311767578125,5000.0,5.0,1.0,4.0,0.000701,0.09113311767578125,5000.0,5.0,1.0,4.0,0.000697,0.09113311767578125,5000.0,5.0,1.0,4.0,0.000741,0.0027608871459960938,500.0,3.0,1.0,5.0,5.0,15.0,0.25,0.0
4.0,0.000722,0.09113311767578125,5000.0,5.0,1.0,4.0,0.000721,0.09113311767578125,5000.0,5.0,1.0,4.0,0.000721,0.09113311767578125,5000.0,5.0,1.0,4.0,0.000717,0.09113311767578125,5000.0,5.0,1.0,4.0,0.000757,0.0027608871459960938,500.0,3.0,1.0,5.0,5.0,15.0,0.25,0,4.0,0.000737,0.09113311767578125,5000.0,5.0,1.0,4.0,0.000736,0.09113311767578125,5000.0,5.0,1.0,4.0,0.000735,0.09113311767578125,5000.0,5.0,1.0,4.0,0.000732,0.09113311767578125,5000.0,5.0,1.0,4.0,0.000771,0.0027608871459960938,500.0,3.0,1.0,5.0,5.0,15.0,0.25,0.0
4.0,0.000722,0.09113311767578125,5000.0,5.0,1.0,4.0,0.000721,0.09113311767578125,5000.0,5.0,1.0,4.0,0.000721,0.09113311767578125,5000.0,5.0,1.0,4.0,0.000717,0.09113311767578125,5000.0,5.0,1.0,4.0,0.000757,0.0027608871459960938,500.0,3.0,1.0,5.0,5.0,15.0,0.25,1,4.0,0.000754,0.09113311767578125,5000.0,5.0,1.0,4.0,0.000753,0.09113311767578125,5000.0,5.0,1.0,4.0,0.000753,0.09113311767578125,5000.0,5.0,1.0,4.0,0.00075,0.09113311767578125,5000.0,5.0,1.0,4.0,0.000789,0.0027608871459960938,500.0,3.0,1.0,5.0,5.0,15.0,0.25,0.0
4.0,0.000722,0.09113311767578125,5000.0,5.0,1.0,4.0,0.000721,0.09113311767578125,5000.0,5.0,1.0,4.0,0.000721,0.09113311767578125,5000.0,5.0,1.0,4.0,0.000717,0.09113311767578125,5000.0,5.0,1.0,4.0,0.000757,0.0027608871459960938,500.0,3.0,1.0,5.0,5.0,15.0,0.25,2,4.0,0.000772,0.09113311767578125,5000.0,5.0,1.0,4.0,0.000771,0.09113311767578125,5000.0,5.0,1.0,4.0,0.000771,0.09113311767578125,5000.0,5.0,1.0,4.0,0.000767,0.09113311767578125,5000.0,5.0,1.0,4.0,0.000807,0.0027608871459960938,500.0,3.0,1.0,5.0,5.0,15.0,0.25,0.0
4.0,0.000722,0.09113311767578125,5000.0,5.0,1.0,4.0,0.000721,0.09113311767578125,5000.0,5.0,1.0,4.0,0.000721,0.09113311767578125,5000.0,5.0,1.0,4.0,0.000717,0.09113311767578125,5000.0,5.0,1.0,4.0,0.000757,0.0027608871459960938,500.0,3.0,1.0,5.0,5.0,15.0,0.25,3,4.0,0.00079,0.09113311767578125,5000.0,5.0,1.0,4.0,0.000789,0.09113311767578125,5000.0,5.0,1.0,4.0,0.000789,0.09113311767578125,5000.0,5.0,1.0,4.0,0.000785,0.09113311767578125,5000.0,5.0,1.0,4.0,0.000825,0.0027608871459960938,500.0,3.0,1.0,5.0,5.0,15.0,0.25,0.0
4.0,0.000722,0.09113311767578125,5000.0,5.0,1.0,4.0,0.000721,0.09113311767578125,5000.0,5.0,1.0,4.0,0.000721,0.09113311767578125,5000.0,5.0,1.0,4.0,0.000717,0.09113311767578125,5000.0,5.0,1.0,4.0,0.000757,0.0027608871459960938,500.0,3.0,1.0,5.0,5.0,15.0,0.25,4,4.0,0.000808,0.09113311767578125,5000.0,5.0,1.0,4.0,0.000807,0.09113311767578125,5000.0,5.0,1.0,4.0,0.000807,0.09113311767578125,5000.0,5.0,1.0,4.0,0.000803,0.09113311767578125,5000.0,5.0,1.0,4.0,0.000843,0.0027608871459960938,500.0,3.0,1.0,5.0,5.0,15.0,0.25,0.0
4.0,0.000828,0.09113311767578125,5000.0,5.0,1.0,4.0,0.000827,0.09113311767578125,5000.0,5.0,1.0,4.0,0.000826,0.09113311767578125,5000.0,5.0,1.0,4.0,0.000823,0.09113311767578125,5000.0,5.0,1.0,4.0,0.00086,0.0027608871459960938,500.0,3.0,1.0,5.0,5.0,15.0,0.25,0,4.0,0.000843,0.09113311767578125,5000.0,5.0,1.0,4.0,0.000841,0.09113311767578125,5000.0,5.0,1.0,4.0,0.000841,0.09113311767578125,5000.0,5.0,1.0,4.0,0.000838,0.09113311767578125,5000.0,5.0,1.0,4.0,0.000874,0.0027608871459960938,500.0,3.0,1.0,5.0,5.0,15.0,0.25,0.0
4.0,0.000828,0.09113311767578125,5000.0,5.0,1.0,4.0,0.000827,0.09113311767578125,5000.0,5.0,1.0,4.0,0.000826,0.09113311767578125,5000.0,5.0,1.0,4.0,0.000823,0.09113311767578125,5000.0,5.0,1.0,4.0,0.00086,0.0027608871459960938,500.0,3.0,1.0,5.0,5.0,15.0,0.25,1,4.0,0.000861,0.09113311767578125,5000.0,5.0,1.0,4.0,0.00086,0.09113311767578125,5000.0,5.0,1.0,4.0,0.00086,0.09113311767578125,5000.0,5.0,1.0,4.0,0.000856,0.09113311767578125,5000.0,5.0,1.0,4.0,0.000893,0.0027608871459960938,500.0,3.0,1.0,5.0,5.0,15.0,0.25,0.0
4.0,0.000828,0.09113311767578125,5000.0,5.0,1.0,4.0,0.000827,0.09113311767578125,5000.0,5.0,1.0,4.0,0.000826,0.09113311767578125,5000.0,5.0,1.0,4.0,0.000823,0.09113311767578125,5000.0,5.0,1.0,4.0,0.00086,0.0027608871459960938,500.0,3.0,1.0,5.0,5.0,15.0,0.25,2,4.0,0.000879,0.09113311767578125,5000.0,5.0,1.0,4.0,0.000878,0.09113311767578125,5000.0,5.0,1.0,4.0,0.000878,0.09113311767578125,5000.0,5.0,1.0,4.0,0.000874,0.09113311767578125,5000.0,5.0,1.0,4.0,0.000911,0.0027608871459960938,500.0,3.0,1.0,5.0,5.0,15.0,0.25,0.0
4.0,0.000828,0.09113311767578125,5000.0,5.0,1.0,4.0,0.000827,0.09113311767578125,5000.0,5.0,1.0,4.0,0.000826,0.09113311767578125,5000.0,5.0,1.0,4.0,0.000823,0.09113311767578125,5000.0,5.0,1.0,4.0,0.00086,0.0027608871459960938,500.0,3.0,1.0,5.0,5.0,15.0,0.25,3,4.0,0.000897,0.09113311767578125,5000.0,5.0,1.0,4.0,0.000896,0.09113311767578125,5000.0,5.0,1.0,4.0,0.000895,0.09113311767578125,5000.0,5.0,1.0,4.0,0.000892,0.09113311767578125,5000.0,5.0,1.0,4.0,0.000929,0.0027608871459960938,500.0,3.0,1.0,5.0,5.0,15.0,0.25,0.0
4.0,0.000828,0.09113311767578125,5000.0,5.0,1.0,4.0,0.000827,0.09113311767578125,5000.0,5.0,1.0,4.0,0.000826,0.09113311767578125,5000.0,5.0,1.0,4.0,0.000823,0.09113311767578125,5000.0,5.0,1.0,4.0,0.00086,0.0027608871459960938,500.0,3.0,1.0,5.0,5.0,15.0,0.25,4,4.0,0.000915,0.09113311767578125,5000.0,5.0,1.0,4.0,0.000913,0.09113311767578125,5000.0,5.0,1.0,4.0,0.000913,0.09113311767578125,5000.0,5.0,1.0,4.0,0.00091,0.09113311767578125,5000.0,5.0,1.0,4.0,0.000946,0.0027608871459960938,500.0,3.0,1.0,5.0,5.0,15.0,0.25,0.0
4.0,0.000936,0.09113311767578125,5000.0,5.0,1.0,4.0,0.000935,0.09113311767578125,5000.0,5.0,1.0,4.0,0.000935,0.09113311767578125,5000.0,5.0,1.0,4.0,0.000932,0.09113311767578125,5000.0,5.0,1.0,4.0,0.000965,0.0027608871459960938,500.0,3.0,1.0,5.0,5.0,15.0,0.25,0,4.0,0.000951,0.09113311767578125,5000.0,5.0,1.0,4.0,0.00095,0.09113311767578125,5000.0,5.0,1.0,4.0,0.00095,0.09113311767578125,5000.0,5.0,1.0,4.0,0.000946,0.09113311767578125,5000.0,5.0,1.0,4.0,0.00098,0.0027608871459960938,500.0,3.0,1.0,5.0,5.0,15.0,0.25,0.0
4.0,0.000936,0.09113311767578125,5000.0,5.0,1.0,4.0,0.000935,0.09113311767578125,5000.0,5.0,1.0,4.0,0.000935,0.09113311767578125,5000.0,5.0,1.0,4.0,0.000932,0.09113311767578125,5000.0,5.0,1.0,4.0,0.000965,0.0027608871459960938,500.0,3.0,1.0,5.0,5.0,15.0,0.25,1,4.0,0.000969,0.09113311767578125,5000.0,5.0,1.0,4.0,0.000968,0.09113311767578125,5000.0,5.0,1.0,4.0,0.000968,0.09113311767578125,5000.0,5.0,1.0,4.0,0.000964,0.09113311767578125,5000.0,5.0,1.0,4.0,0.000998,0.0027608871459960938,500.0,3.0,1.0,5.0,5.0,15.0,0.25,0.0
4.0,0.000936,0.09113311767578125,5000.0,5.0,1.0,4.0,0.000935,0.09113311767578125,5000.0,5.0,1.0,4.0,0.000935,0.09113311767578125,5000.0,5.0,1.0,4.0,0.000932,0.09113311767578125,5000.0,5.0,1.0,4.0,0.000965,0.0027608871459960938,500.0,3.0,1.0,5.0,5.0,15.0,0.25,2,4.0,0.000987,0.09113311767578125,5000.0,5.0,1.0,4.0,0.000986,0.09113311767578125,5000.0,5.0,1.0,4.0,0.000985,0.09113311767578125,5000.0,5.0,1.0,4.0,0.000982,0.09113311767578125,5000.0,5.0,1.0,4.0,0.001016,0.0027608871459960938,500.0,3.0,1.0,5.0,5.0,15.0,0.25,0.0
4.0,0.000936,0.09113311767578125,5000.0,5.0,1.0,4.0,0.000935,0.09113311767578125,5000.0,5.0,1.0,4.0,0.000935,0.09113311767578125,5000.0,5.0,1.0,4.0,0.000932,0.09113311767578125,5000.0,5.0,1.0,4.0,0.000965,0.0027608871459960938,500.0,3.0,1.0,5.0,5.0,15.0,0.25,3,4.0,0.001004,0.09113311767578125,5000.0,5.0,1.0,4.0,0.001003,0.09113311767578125,5000.0,5.0,1.0,4.0,0.001003,0.09113311767578125,5000.0,5.0,1.0,4.0,0.001,0.09113311767578125,5000.0,5.0,1.0,4.0,0.001033,0.0027608871459960938,500.0,3.0,1.0,5.0,5.0,15.0,0.25,0.0
4.0,0.000936,0.09113311767578125,5000.0,5.0,1.0,4.0,0.000935,0.09113311767578125,5000.0,5.0,1.0,4.0,0.000935,0.09113311767578125,5000.0,5.0,1.0,4.0,0.000932,0.09113311767578125,5000.0,5.0,1.0,4.0,0.000965,0.0027608871459960938,500.0,3.0,1.0,5.0,5.0,15.0,0.25,4,4.0,0.001022,0.09113311767578125,5000.0,5.0,1.0,4.0,0.001021,0.09113311767578125,5000.0,5.0,1.0,4.0,0.001021,0.09113311767578125,5000.0,5.0,1.0,4.0,0.001017,0.09113311767578125,5000.0,5.0,1.0,4.0,0.001051,0.0027608871459960938,500.0,3.0,1.0,5.0,5.0,15.0,0.25,0.0
4.0,0.001042,0.09113311767578125,5000.0,5.0,1.0,4.0,0.001041,0.09113311767578125,5000.0,5.0,1.0,4.0,0.00104,0.09113311767578125,5000.0,5.0,1.0,4.0,0.001037,0.09113311767578125,5000.0,5.0,1.0,3.0,0.001184,0.0027608871459960938,500.0,3.0,1.0,5.0,5.0,15.0,0.25,0,4.0,0.001056,0.09113311767578125,5000.0,5.0,1.0,4.0,0.001055,0.09113311767578125,5000.0,5.0,1.0,4.0,0.001055,0.09113311767578125,5000.0,5.0,1.0,4.0,0.001052,0.09113311767578125,5000.0,5.0,1.0,3.0,0.001199,0.0027608871459960938,500.0,3.0,1.0,5.0,5.0,15.0,0.25,0.0
4.0,0.001042,0.09113311767578125,5000.0,5.0,1.0,4.0,0.001041,0.09113311767578125,5000.0,5.0,1.0,4.0,0.00104,0.09113311767578125,5000.0,5.0,1.0,4.0,0.001037,0.09113311767578125,5000.0,5.0,1.0,3.0,0.001184,0.0027608871459960938,500.0,3.0,1.0,5.0,5.0,15.0,0.25,1,4.0,0.001074,0.09113311767578125,5000.0,5.0,1.0,4.0,0.001073,0.09113311767578125,5000.0,5.0,1.0,4.0,0.001073,0.09113311767578125,5000.0,5.0,1.0,4.0,0.001069,0.09113311767578125,5000.0,5.0,1.0,3.0,0.001217,0.0027608871459960938,500.0,3.0,1.0,5.0,5.0,15.0,0.25,0.0
4.0,0.001042,0.09113311767578125,5000.0,5.0,1.0,4.0,0.001041,0.09113311767578125,5000.0,5.0,1.0,4.0,0.00104,0.09113311767578125,5000.0,5.0,1.0,4.0,0.001037,0.09113311767578125,5000.0,5.0,1.0,3.0,0.001184,0.0027608871459960938,500.0,3.0,1.0,5.0,5.0,15.0,0.25,2,4.0,0.001092,0.09113311767578125,5000.0,5.0,1.0,4.0,0.001091,0.09113311767578125,5000.0,5.0,1.0,4.0,0.001091,0.09113311767578125,5000.0,5.0,1.0,4.0,0.001087,0.09113311767578125,5000.0,5.0,1.0,3.0,0.001235,0.0027608871459960938,500.0,3.0,1.0,5.0,5.0,15.0,0.25,0.0
4.0,0.001042,0.09113311767578125,5000.0,5.0,1.0,4.0,0.001041,0.09113311767578125,5000.0,5.0,1.0,4.0,0.00104,0.09113311767578125,5000.0,5.0,1.0,4.0,0.001037,0.09113311767578125,5000.0,5.0,1.0,3.0,0.001184,0.0027608871459960938,500.0,3.0,1.0,5.0,5.0,15.0,0.25,3,4.0,0.00111,0.09113311767578125,5000.0,5.0,1.0,4.0,0.001109,0.09113311767578125,5000.0,5.0,1.0,4.0,0.001109,0.09113311767578125,5000.0,5.0,1.0,4.0,0.001105,0.09113311767578125,5000.0,5.0,1.0,3.0,0.001253,0.0027608871459960938,500.0,3.0,1.0,5.0,5.0,15.0,0.25,0.0
4.0,0.001042,0.09113311767578125,5000.0,5.0,1.0,4.0,0.001041,0.09113311767578125,5000.0,5.0,1.0,4.0,0.00104,0.09113311767578125,5000.0,5.0,1.0,4.0,0.001037,0.09113311767578125,5000.0,5.0,1.0,3.0,0.001184,0.0027608871459960938,500.0,3.0,1.0,5.0,5.0,15.0,0.25,4,4.0,0.001128,0.09113311767578125,5000.0,5.0,1.0,4.0,0.001127,0.09113311767578125,5000.0,5.0,1.0,4.0,0.001126,0.09113311767578125,5000.0,5.0,1.0,4.0,0.001123,0.09113311767578125,5000.0,5.0,1.0,3.0,0.001271,0.0027608871459960938,500.0,3.0,1.0,5.0,5.0,15.0,0.25,0.0
4.0,0.001148,0.09113311767578125,5000.0,5.0,1.0,4.0,0.001147,0.09113311767578125,5000.0,5.0,1.0,4.0,0.001146,0.09113311767578125,5000.0,5.0,1.0,4.0,0.001143,0.09113311767578125,5000.0,5.0,1.0,4.0,0.001288,0.0027608871459960938,500.0,3.0,1.0,5.0,5.0,15.0,0.25,0,4.0,0.001162,0.09113311767578125,5000.0,5.0,1.0,4.0,0.001161,0.09113311767578125,5000.0,5.0,1.0,4.0,0.001161,0.09113311767578125,5000.0,5.0,1.0,4.0,0.001158,0.09113311767578125,5000.0,5.0,1.0,4.0,0.001302,0.0027608871459960938,500.0,3.0,1.0,5.0,5.0,15.0,0.25,0.0
4.0,0.001148,0.09113311767578125,5000.0,5.0,1.0,4.0,0.001147,0.09113311767578125,5000.0,5.0,1.0,4.0,0.001146,0.09113311767578125,5000.0,5.0,1.0,4.0,0.001143,0.09113311767578125,5000.0,5.0,1.0,4.0,0.001288,0.0027608871459960938,500.0,3.0,1.0,5.0,5.0,15.0,0.25,1,4.0,0.00118,0.09113311767578125,5000.0,5.0,1.0,4.0,0.001179,0.09113311767578125,5000.0,5.0,1.0,4.0,0.001179,0.09113311767578125,5000.0,5.0,1.0,4.0,0.001175,0.09113311767578125,5000.0,5.0,1.0,4.0,0.00132,0.0027608871459960938,500.0,3.0,1.0,5.0,5.0,15.0,0.25,0.0
4.0,0.001148,0.09113311767578125,5000.0,5.0,1.0,4.0,0.001147,0.09113311767578125,5000.0,5.0,1.0,4.0,0.001146,0.09113311767578125,5000.0,5.0,1.0,4.0,0.001143,0.09113311767578125,5000.0,5.0,1.0,4.0,0.001288,0.0027608871459960938,500.0,3.0,1.0,5.0,5.0,15.0,0.25,2,4.0,0.001198,0.09113311767578125,5000.0,5.0,1.0,4.0,0.001197,0.09113311767578125,5000.0,5.0,1.0,4.0,0.001196,0.09113311767578125,5000.0,5.0,1.0,4.0,0.001193,0.09113311767578125,5000.0,5.0,1.0,4.0,0.001338,0.0027608871459960938,500.0,3.0,1.0,5.0,5.0,15.0,0.25,0.0
4.0,0.001148,0.09113311767578125,5000.0,5.0,1.0,4.0,0.001147,0.09113311767578125,5000.0,5.0,1.0,4.0,0.001146,0.09113311767578125,5000.0,5.0,1.0,4.0,0.001143,0.09113311767578125,5000.0,5.0,1.0,4.0,0.001288,0.0027608871459960938,500.0,3.0,1.0,5.0,5.0,15.0,0.25,3,4.0,0.001216,0.09113311767578125,5000.0,5.0,1.0,4.0,0.001215,0.09113311767578125,5000.0,5.0,1.0,4.0,0.001214,0.09113311767578125,5000.0,5.0,1.0,4.0,0.001211,0.09113311767578125,5000.0,5.0,1.0,4.0,0.001355,0.0027608871459960938,500.0,3.0,1.0,5.0,5.0,15.0,0.25,0.0
4.0,0.001148,0.09113311767578125,5000.0,5.0,1.0,4.0,0.001147,0.09113311767578125,5000.0,5.0,1.0,4.0,0.001146,0.09113311767578125,5000.0,5.0,1.0,4.0,0.001143,0.09113311767578125,5000.0,5.0,1.0,4.0,0.001288,0.0027608871459960938,500.0,3.0,1.0,5.0,5.0,15.0,0.25,4,4.0,0.001234,0.09113311767578125,5000.0,5.0,1.0,4.0,0.001233,0.09113311767578125,5000.0,5.0,1.0,4.0,0.001232,0.09113311767578125,5000.0,5.0,1.0,4.0,0.001229,0.09113311767578125,5000.0,5.0,1.0,4.0,0.001374,0.0027608871459960938,500.0,3.0,1.0,5.0,5.0,15.0,0.25,0.0
4.0,0.001253,0.09113311767578125,5000.0,5.0,1.0,4.0,0.001252,0.09113311767578125,5000.0,5.0,1.0,4.0,0.001252,0.09113311767578125,5000.0,5.0,1.0,4.0,0.001249,0.09113311767578125,5000.0,5.0,1.0,4.0,0.001277,0.09113311767578125,5000.0,5.0,1.0,5.0,5.0,15.0,0.25,0,4.0,0.001268,0.09113311767578125,5000.0,5.0,1.0,4.0,0.001267,0.09113311767578125,5000.0,5.0,1.0,4.0,0.001267,0.09113311767578125,5000.0,5.0,1.0,4.0,0.001263,0.09113311767578125,5000.0,5.0,1.0,4.0,0.001292,0.09113311767578125,5000.0,5.0,1.0,5.0,5.0,15.0,0.25,0.0
4.0,0.001253,0.09113311767578125,5000.0,5.0,1.0,4.0,0.001252,0.09113311767578125,5000.0,5.0,1.0,4.0,0.001252,0.09113311767578125,5000.0,5.0,1.0,4.0,0.001249,0.09113311767578125,5000.0,5.0,1.0,4.0,0.001277,0.09113311767578125,5000.0,5.0,1.0,5.0,5.0,15.0,0.25,1,4.0,0.001286,0.09113311767578125,5000.0,5.0,1.0,4.0,0.001285,0.09113311767578125,5000.0,5.0,1.0,4.0,0.001284,0.09113311767578125,5000.0,5.0,1.0,4.0,0.001281,0.09113311767578125,5000.0,5.0,1.0,4.0,0.00131,0.09113311767578125,5000.0,5.0,1.0,5.0,5.0,15.0,0.25,0.0
4.0,0.001253,0.09113311767578125,5000.0,5.0,1.0,4.0,0.001252,0.09113311767578125,5000.0,5.0,1.0,4.0,0.001252,0.09113311767578125,5000.0,5.0,1.0,4.0,0.001249,0.09113311767578125,5000.0,5.0,1.0,4.0,0.001277,0.09113311767578125,5000.0,5.0,1.0,5.0,5.0,15.0,0.25,2,4.0,0.001303,0.09113311767578125,5000.0,5.0,1.0,4.0,0.001302,0.09113311767578125,5000.0,5.0,1.0,4.0,0.001302,0.09113311767578125,5000.0,5.0,1.0,4.0,0.001299,0.09113311767578125,5000.0,5.0,1.0,4.0,0.001327,0.09113311767578125,5000.0,5.0,1.0,5.0,5.0,15.0,0.25,0.0
4.0,0.001253,0.09113311767578125,5000.0,5.0,1.0,4.0,0.001252,0.09113311767578125,5000.0,5.0,1.0,4.0,0.001252,0.09113311767578125,5000.0,5.0,1.0,4.0,0.001249,0.09113311767578125,5000.0,5.0,1.0,4.0,0.001277,0.09113311767578125,5000.0,5.0,1.0,5.0,5.0,15.0,0.25,3,4.0,0.001321,0.09113311767578125,5000.0,5.0,1.0,4.0,0.00132,0.09113311767578125,5000.0,5.0,1.0,4.0,0.00132,0.09113311767578125,5000.0,5.0,1.0,4.0,0.001316,0.09113311767578125,5000.0,5.0,1.0,4.0,0.001345,0.09113311767578125,5000.0,5.0,1.0,5.0,5.0,15.0,0.25,0.0
4.0,0.001253,0.09113311767578125,5000.0,5.0,1.0,4.0,0.001252,0.09113311767578125,5000.0,5.0,1.0,4.0,0.001252,0.09113311767578125,5000.0,5.0,1.0,4.0,0.001249,0.09113311767578125,5000.0,5.0,1.0,4.0,0.001277,0.09113311767578125,5000.0,5.0,1.0,5.0,5.0,15.0,0.25,4,4.0,0.001339,0.09113311767578125,5000.0,5.0,1.0,4.0,0.001338,0.09113311767578125,5000.0,5.0,1.0,4.0,0.001337,0.09113311767578125,5000.0,5.0,1.0,4.0,0.001334,0.09113311767578125,5000.0,5.0,1.0,4.0,0.001363,0.09113311767578125,5000.0,5.0,1.0,5.0,5.0,15.0,0.25,0.0
4.0,0.001358,0.09113311767578125,5000.0,5.0,1.0,4.0,0.001357,0.09113311767578125,5000.0,5.0,1.0,4.0,0.001357,0.09113311767578125,5000.0,5.0,1.0,4.0,0.001354,0.09113311767578125,5000.0,5.0,1.0,4.0,0.001379,0.09113311767578125,5000.0,5.0,1.0,5.0,5.0,15.0,0.25,0,4.0,0.001373,0.09113311767578125,5000.0,5.0,1.0,4.0,0.001372,0.09113311767578125,5000.0,5.0,1.0,4.0,0.001372,0.09113311767578125,5000.0,5.0,1.0,4.0,0.001369,0.09113311767578125,5000.0,5.0,1.0,4.0,0.001394,0.09113311767578125,5000.0,5.0,1.0,5.0,5.0,15.0,0.25,0.0
4.0,0.001358,0.09113311767578125,5000.0,5.0,1.0,4.0,0.001357,0.09113311767578125,5000.0,5.0,1.0,4.0,0.001357,0.09113311767578125,5000.0,5.0,1.0,4.0,0.001354,0.09113311767578125,5000.0,5.0,1.0,4.0,0.001379,0.09113311767578125,5000.0,5.0,1.0,5.0,5.0,15.0,0.25,1,4.0,0.001391,0.09113311767578125,5000.0,5.0,1.0,4.0,0.00139,0.09113311767578125,5000.0,5.0,1.0,4.0,0.00139,0.09113311767578125,5000.0,5.0,1.0,4.0,0.001386,0.09113311767578125,5000.0,5.0,1.0,4.0,0.001412,0.09113311767578125,5000.0,5.0,1.0,5.0,5.0,15.0,0.25,0.0
4.0,0.001358,0.09113311767578125,5000.0,5.0,1.0,4.0,0.001357,0.09113311767578125,5000.0,5.0,1.0,4.0,0.001357,0.09113311767578125,5000.0,5.0,1.0,4.0,0.001354,0.09113311767578125,5000.0,5.0,1.0,4.0,0.001379,0.09113311767578125,5000.0,5.0,1.0,5.0,5.0,15.0,0.25,2,4.0,0.001409,0.09113311767578125,5000.0,5.0,1.0,4.0,0.001408,0.09113311767578125,5000.0,5.0,1.0,4.0,0.001408,0.09113311767578125,5000.0,5.0,1.0,4.0,0.001404,0.09113311767578125,5000.0,5.0,1.0,4.0,0.00143,0.09113311767578125,5000.0,5.0,1.0,5.0,5.0,15.0,0.25,0.0
4.0,0.001358,0.09113311767578125,5000.0,5.0,1.0,4.0,0.001357,0.09113311767578125,5000.0,5.0,1.0,4.0,0.001357,0.09113311767578125,5000.0,5.0,1.0,4.0,0.001354,0.09113311767578125,5000.0,5.0,1.0,4.0,0.001379,0.09113311767578125,5000.0,5.0,1.0,5.0,5.0,15.0,0.25,3,4.0,0.001427,0.09113311767578125,5000.0,5.0,1.0,4.0,0.001426,0.09113311767578125,5000.0,5.0,1.0,4.0,0.001425,0.09113311767578125,5000.0,5.0,1.0,4.0,0.001422,0.09113311767578125,5000.0,5.0,1.0,4.0,0.001447,0.09113311767578125,5000.0,5.0,1.0,5.0,5.0,15.0,0.25,0.0
4.0,0.001358,0.09113311767578125,5000.0,5.0,1.0,4.0,0.001357,0.09113311767578125,5000.0,5.0,1.0,4.0,0.001357,0.09113311767578125,5000.0,5.0,1.0,4.0,0.001354,0.09113311767578125,5000.0,5.0,1.0,4.0,0.001379,0.09113311767578125,5000.0,5.0,1.0,5.0,5.0,15.0,0.25,4,4.0,0.001444,0.09113311767578125,5000.0,5.0,1.0,4.0,0.001443,0.09113311767578125,5000.0,5.0,1.0,4.0,0.001443,0.09113311767578125,5000.0,5.0,1.0,4.0,0.00144,0.09113311767578125,5000.0,5.0,1.0,4.0,0.001465,0.09113311767578125,5000.0,5.0,1.0,5.0,5.0,15.0,0.25,0.0
4.0,0.001464,0.09113311767578125,5000.0,5.0,1.0,4.0,0.001463,0.09113311767578125,5000.0,5.0,1.0,4.0,0.001463,0.09113311767578125,5000.0,5.0,1.0,4.0,0.00146,0.09113311767578125,5000.0,5.0,1.0,5.0,0.001482,0.09113311767578125,5000.0,5.0,1.0,5.0,5.0,15.0,0.25,0,4.0,0.001479,0.09113311767578125,5000.0,5.0,1.0,4.0,0.0015,0.09113311767578125,5000.0,5.0,1.0,4.0,0.0015,0.09113311767578125,5000.0,5.0,1.0,4.0,0.001497,0.09113311767578125,5000.0,5.0,1.0,5.0,0.001519,0.09113311767578125,5000.0,5.0,1.0,5.0,5.0,15.0,0.25,0.0
4.0,0.001464,0.09113311767578125,5000.0,5.0,1.0,4.0,0.001463,0.09113311767578125,5000.0,5.0,1.0,4.0,0.001463,0.09113311767578125,5000.0,5.0,1.0,4.0,0.00146,0.09113311767578125,5000.0,5.0,1.0,5.0,0.001482,0.09113311767578125,5000.0,5.0,1.0,5.0,5.0,15.0,0.25,1,4.0,0.001523,0.09113311767578125,5000.0,5.0,1.0,4.0,0.001522,0.09113311767578125,5000.0,5.0,1.0,4.0,0.001522,0.09113311767578125,5000.0,5.0,1.0,4.0,0.001518,0.09113311767578125,5000.0,5.0,1.0,5.0,0.001541,0.09113311767578125,5000.0,5.0,1.0,5.0,5.0,15.0,0.25,0.0
4.0,0.001464,0.09113311767578125,5000.0,5.0,1.0,4.0,0.001463,0.09113311767578125,5000.0,5.0,1.0,4.0,0.001463,0.09113311767578125,5000.0,5.0,1.0,4.0,0.00146,0.09113311767578125,5000.0,5.0,1.0,5.0,0.001482,0.09113311767578125,5000.0,5.0,1.0,5.0,5.0,15.0,0.25,2,4.0,0.001541,0.09113311767578125,5000.0,5.0,1.0,4.0,0.00154,0.09113311767578125,5000.0,5.0,1.0,4.0,0.00154,0.09113311767578125,5000.0,5.0,1.0,4.0,0.001536,0.09113311767578125,5000.0,5.0,1.0,5.0,0.001559,0.09113311767578125,5000.0,5.0,1.0,5.0,5.0,15.0,0.25,0.0
4.0,0.001464,0.09113311767578125,5000.0,5.0,1.0,4.0,0.001463,0.09113311767578125,5000.0,5.0,1.0,4.0,0.001463,0.09113311767578125,5000.0,5.0,1.0,4.0,0.00146,0.09113311767578125,5000.0,5.0,1.0,5.0,0.001482,0.09113311767578125,5000.0,5.0,1.0,5.0,5.0,15.0,0.25,3,4.0,0.001559,0.09113311767578125,5000.0,5.0,1.0,4.0,0.001558,0.09113311767578125,5000.0,5.0,1.0,4.0,0.001557,0.09113311767578125,5000.0,5.0,1.0,4.0,0.001554,0.09113311767578125,5000.0,5.0,1.0,5.0,0.001577,0.09113311767578125,5000.0,5.0,1.0,5.0,5.0,15.0,0.25,0.0
4.0,0.001464,0.09113311767578125,5000.0,5.0,1.0,4.0,0.001463,0.09113311767578125,5000.0,5.0,1.0,4.0,0.001463,0.09113311767578125,5000.0,5.0,1.0,4.0,0.00146,0.09113311767578125,5000.0,5.0,1.0,5.0,0.001482,0.09113311767578125,5000.0,5.0,1.0,5.0,5.0,15.0,0.25,4,4.0,0.001577,0.09113311767578125,5000.0,5.0,1.0,4.0,0.001576,0.09113311767578125,5000.0,5.0,1.0,4.0,0.001575,0.09113311767578125,5000.0,5.0,1.0,4.0,0.001572,0.09113311767578125,5000.0,5.0,1.0,5.0,0.001595,0.09113311767578125,5000.0,5.0,1.0,5.0,5.0,15.0,0.25,0.0
4.0,0.001597,0.09113311767578125,5000.0,5.0,1.0,4.0,0.001596,0.09113311767578125,5000.0,5.0,1.0,4.0,0.001595,0.09113311767578125,5000.0,5.0,1.0,4.0,0.001592,0.09113311767578125,5000.0,5.0,1.0,5.0,0.001613,0.09113311767578125,5000.0,5.0,1.0,5.0,5.0,15.0,0.25,0,4.0,0.001612,0.09113311767578125,5000.0,5.0,1.0,4.0,0.00161,0.09113311767578125,5000.0,5.0,1.0,4.0,0.00161,0.09113311767578125,5000.0,5.0,1.0,4.0,0.001607,0.09113311767578125,5000.0,5.0,1.0,5.0,0.001627,0.09113311767578125,5000.0,5.0,1.0,5.0,5.0,15.0,0.25,0.0
4.0,0.001597,0.09113311767578125,5000.0,5.0,1.0,4.0,0.001596,0.09113311767578125,5000.0,5.0,1.0,4.0,0.001595,0.09113311767578125,5000.0,5.0,1.0,4.0,0.001592,0.09113311767578125,5000.0,5.0,1.0,5.0,0.001613,0.09113311767578125,5000.0,5.0,1.0,5.0,5.0,15.0,0.25,1,4.0,0.00163,0.09113311767578125,5000.0,5.0,1.0,4.0,0.001628,0.09113311767578125,5000.0,5.0,1.0,4.0,0.001628,0.09113311767578125,5000.0,5.0,1.0,4.0,0.001625,0.09113311767578125,5000.0,5.0,1.0,5.0,0.001645,0.09113311767578125,5000.0,5.0,1.0,5.0,5.0,15.0,0.25,0.0
4.0,0.001597,0.09113311767578125,5000.0,5.0,1.0,4.0,0.001596,0.09113311767578125,5000.0,5.0,1.0,4.0,0.001595,0.09113311767578125,5000.0,5.0,1.0,4.0,0.001592,0.09113311767578125,5000.0,5.0,1.0,5.0,0.001613,0.09113311767578125,5000.0,5.0,1.0,5.0,5.0,15.0,0.25,2,4.0,0.001647,0.09113311767578125,5000.0,5.0,1.0,4.0,0.001646,0.09113311767578125,5000.0,5.0,1.0,4.0,0.001646,0.09113311767578125,5000.0,5.0,1.0,4.0,0.001642,0.09113311767578125,5000.0,5.0,1.0,5.0,0.001663,0.09113311767578125,5000.0,5.0,1.0,5.0,5.0,15.0,0.25,0.0
4.0,0.001597,0.09113311767578125,5000.0,5.0,1.0,4.0,0.001596,0.09113311767578125,5000.0,5.0,1.0,4.0,0.001595,0.09113311767578125,5000.0,5.0,1.0,4.0,0.001592,0.09113311767578125,5000.0,5.0,1.0,5.0,0.001613,0.09113311767578125,5000.0,5.0,1.0,5.0,5.0,15.0,0.25,3,4.0,0.001665,0.09113311767578125,5000.0,5.0,1.0,4.0,0.001664,0.09113311767578125,5000.0,5.0,1.0,4.0,0.001664,0.09113311767578125,5000.0,5.0,1.0,4.0,0.00166,0.09113311767578125,5000.0,5.0,1.0,5.0,0.001681,0.09113311767578125,5000.0,5.0,1.0,5.0,5.0,15.0,0.25,0.0
4.0,0.001597,0.09113311767578125,5000.0,5.0,1.0,4.0,0.001596,0.09113311767578125,5000.0,5.0,1.0,4.0,0.001595,0.09113311767578125,5000.0,5.0,1.0,4.0,0.001592,0.09113311767578125,5000.0,5.0,1.0,5.0,0.001613,0.09113311767578125,5000.0,5.0,1.0,5.0,5.0,15.0,0.25,4,4.0,0.001683,0.09113311767578125,5000.0,5.0,1.0,4.0,0.001682,0.09113311767578125,5000.0,5.0,1.0,4.0,0.001681,0.09113311767578125,5000.0,5.0,1.0,4.0,0.001678,0.09113311767578125,5000.0,5.0,1.0,5.0,0.001699,0.09113311767578125,5000.0,5.0,1.0,5.0,5.0,15.0,0.25,0.0
4.0,0.001702,0.09113311767578125,5000.0,5.0,1.0,4.0,0.001701,0.09113311767578125,5000.0,5.0,1.0,4.0,0.001701,0.09113311767578125,5000.0,5.0,1.0,4.0,0.001698,0.09113311767578125,5000.0,5.0,1.0,4.0,0.001715,0.09113311767578125,5000.0,5.0,1.0,5.0,5.0,15.0,0.25,0,4.0,0.001717,0.09113311767578125,5000.0,5.0,1.0,4.0,0.001716,0.09113311767578125,5000.0,5.0,1.0,4.0,0.001715,0.09113311767578125,5000.0,5.0,1.0,4.0,0.001712,0.09113311767578125,5000.0,5.0,1.0,4.0,0.00173,0.09113311767578125,5000.0,5.0,1.0,5.0,5.0,15.0,0.25,0.0
4.0,0.001702,0.09113311767578125,5000.0,5.0,1.0,4.0,0.001701,0.09113311767578125,5000.0,5.0,1.0,4.0,0.001701,0.09113311767578125,5000.0,5.0,1.0,4.0,0.001698,0.09113311767578125,5000.0,5.0,1.0,4.0,0.001715,0.09113311767578125,5000.0,5.0,1.0,5.0,5.0,15.0,0.25,1,4.0,0.001734,0.09113311767578125,5000.0,5.0,1.0,4.0,0.001733,0.09113311767578125,5000.0,5.0,1.0,4.0,0.001733,0.09113311767578125,5000.0,5.0,1.0,4.0,0.00173,0.09113311767578125,5000.0,5.0,1.0,4.0,0.001747,0.09113311767578125,5000.0,5.0,1.0,5.0,5.0,15.0,0.25,0.0
4.0,0.001702,0.09113311767578125,5000.0,5.0,1.0,4.0,0.001701,0.09113311767578125,5000.0,5.0,1.0,4.0,0.001701,0.09113311767578125,5000.0,5.0,1.0,4.0,0.001698,0.09113311767578125,5000.0,5.0,1.0,4.0,0.001715,0.09113311767578125,5000.0,5.0,1.0,5.0,5.0,15.0,0.25,2,4.0,0.001753,0.09113311767578125,5000.0,5.0,1.0,4.0,0.001752,0.09113311767578125,5000.0,5.0,1.0,4.0,0.001751,0.09113311767578125,5000.0,5.0,1.0,4.0,0.001748,0.09113311767578125,5000.0,5.0,1.0,4.0,0.001766,0.09113311767578125,5000.0,5.0,1.0,5.0,5.0,15.0,0.25,0.0
4.0,0.001702,0.09113311767578125,5000.0,5.0,1.0,4.0,0.001701,0.09113311767578125,5000.0,5.0,1.0,4.0,0.001701,0.09113311767578125,5000.0,5.0,1.0,4.0,0.001698,0.09113311767578125,5000.0,5.0,1.0,4.0,0.001715,0.09113311767578125,5000.0,5.0,1.0,5.0,5.0,15.0,0.25,3,4.0,0.001771,0.09113311767578125,5000.0,5.0,1.0,4.0,0.00177,0.09113311767578125,5000.0,5.0,1.0,4.0,0.001769,0.09113311767578125,5000.0,5.0,1.0,4.0,0.001766,0.09113311767578125,5000.0,5.0,1.0,4.0,0.001783,0.09113311767578125,5000.0,5.0,1.0,5.0,5.0,15.0,0.25,0.0
4.0,0.001702,0.09113311767578125,5000.0,5.0,1.0,4.0,0.001701,0.09113311767578125,5000.0,5.0,1.0,4.0,0.001701,0.09113311767578125,5000.0,5.0,1.0,4.0,0.001698,0.09113311767578125,5000.0,5.0,1.0,4.0,0.001715,0.09113311767578125,5000.0,5.0,1.0,5.0,5.0,15.0,0.25,4,4.0,0.001788,0.09113311767578125,5000.0,5.0,1.0,4.0,0.001787,0.09113311767578125,5000.0,5.0,1.0,4.0,0.001787,0.09113311767578125,5000.0,5.0,1.0,4.0,0.001784,0.09113311767578125,5000.0,5.0,1.0,4.0,0.001801,0.09113311767578125,5000.0,5.0,1.0,5.0,5.0,15.0,0.25,0.0
5.0,7e-06,0.09113311767578125,5000.0,5.0,1.0,5.0,8e-06,0.09113311767578125,5000.0,5.0,1.0,5.0,8e-06,0.09113311767578125,5000.0,5.0,1.0,5.0,8e-06,0.09113311767578125,5000.0,5.0,1.0,4.0,0.001825,0.09113311767578125,5000.0,5.0,1.0,5.0,0.0,12.0,0.0,0,5.0,2.7e-05,0.09113311767578125,5000.0,5.0,1.0,5.0,2.8e-05,0.09113311767578125,5000.0,5.0,1.0,5.0,2.8e-05,0.09113311767578125,5000.0,5.0,1.0,5.0,2.8e-05,0.09113311767578125,5000.0,5.0,1.0,4.0,0.001845,0.09113311767578125,5000.0,5.0,1.0,5.0,5.0,15.0,0.25,-0.25
5.0,7e-06,0.09113311767578125,5000.0,5.0,1.0,5.0,8e-06,0.09113311767578125,5000.0,5.0,1.0,5.0,8e-06,0.09113311767578125,5000.0,5.0,1.0,5.0,8e-06,0.09113311767578125,5000.0,5.0,1.0,4.0,0.001825,0.09113311767578125,5000.0,5.0,1.0,5.0,0.0,12.0,0.0,1,5.0,4.5e-05,0.09113311767578125,5000.0,5.0,1.0,5.0,4.6e-05,0.09113311767578125,5000.0,5.0,1.0,5.0,4.6e-05,0.09113311767578125,5000.0,5.0,1.0,5.0,4.7e-05,0.09113311767578125,5000.0,5.0,1.0,4.0,0.001863,0.09113311767578125,5000.0,5.0,1.0,5.0,5.0,15.0,0.25,-0.25
5.0,7e-06,0.09113311767578125,5000.0,5.0,1.0,5.0,8e-06,0.09113311767578125,5000.0,5.0,1.0,5.0,8e-06,0.09113311767578125,5000.0,5.0,1.0,5.0,8e-06,0.09113311767578125,5000.0,5.0,1.0,4.0,0.001825,0.09113311767578125,5000.0,5.0,1.0,5.0,0.0,12.0,0.0,2,5.0,6.3e-05,0.09113311767578125,5000.0,5.0,1.0,5.0,6.4e-05,0.09113311767578125,5000.0,5.0,1.0,5.0,6.4e-05,0.09113311767578125,5000.0,5.0,1.0,5.0,6.4e-05,0.09113311767578125,5000.0,5.0,1.0,4.0,0.001881,0.09113311767578125,5000.0,5.0,1.0,5.0,5.0,15.0,0.25,-0.25
5.0,7e-06,0.09113311767578125,5000.0,5.0,1.0,5.0,8e-06,0.09113311767578125,5000.0,5.0,1.0,5.0,8e-06,0.09113311767578125,5000.0,5.0,1.0,5.0,8e-06,0.09113311767578125,5000.0,5.0,1.0,4.0,0.001825,0.09113311767578125,5000.0,5.0,1.0,5.0,0.0,12.0,0.0,3,5.0,8.1e-05,0.09113311767578125,5000.0,5.0,1.0,5.0,8.2e-05,0.09113311767578125,5000.0,5.0,1.0,5.0,8.2e-05,0.09113311767578125,5000.0,5.0,1.0,5.0,8.2e-05,0.09113311767578125,5000.0,5.0,1.0,4.0,0.001899,0.09113311767578125,5000.0,5.0,1.0,5.0,5.0,15.0,0.25,-0.25
5.0,7e-06,0.09113311767578125,5000.0,5.0,1.0,5.0,8e-06,0.09113311767578125,5000.0,5.0,1.0,5.0,8e-06,0.09113311767578125,5000.0,5.0,1.0,5.0,8e-06,0.09113311767578125,5000.0,5.0,1.0,4.0,0.001825,0.09113311767578125,5000.0,5.0,1.0,5.0,0.0,12.0,0.0,4,5.0,9.9e-05,0.09113311767578125,5000.0,5.0,1.0,5.0,0.0001,0.09113311767578125,5000.0,5.0,1.0,5.0,9.9e-05,0.09113311767578125,5000.0,5.0,1.0,5.0,0.0001,0.09113311767578125,5000.0,5.0,1.0,4.0,0.001917,0.09113311767578125,5000.0,5.0,1.0,5.0,5.0,15.0,0.25,-0.25
5.0,0.000119,0.09113311767578125,5000.0,5.0,1.0,5.0,0.00012,0.09113311767578125,5000.0,5.0,1.0,5.0,0.000119,0.09113311767578125,5000.0,5.0,1.0,5.0,0.00012,0.09113311767578125,5000.0,5.0,1.0,3.0,0.002094,0.0027608871459960938,500.0,3.0,1.0,5.0,1.0,11.0,0.08333333333333333,0,5.0,0.000138,0.09113311767578125,5000.0,5.0,1.0,5.0,0.000139,0.09113311767578125,5000.0,5.0,1.0,5.0,0.00014,0.09113311767578125,5000.0,5.0,1.0,5.0,0.000141,0.09113311767578125,5000.0,5.0,1.0,3.0,0.002115,0.0027608871459960938,500.0,3.0,1.0,5.0,5.0,15.0,0.25,-0.16666666666666669
5.0,0.000119,0.09113311767578125,5000.0,5.0,1.0,5.0,0.00012,0.09113311767578125,5000.0,5.0,1.0,5.0,0.000119,0.09113311767578125,5000.0,5.0,1.0,5.0,0.00012,0.09113311767578125,5000.0,5.0,1.0,3.0,0.002094,0.0027608871459960938,500.0,3.0,1.0,5.0,1.0,11.0,0.08333333333333333,1,5.0,0.000163,0.09113311767578125,5000.0,5.0,1.0,5.0,0.000164,0.09113311767578125,5000.0,5.0,1.0,5.0,0.000165,0.09113311767578125,5000.0,5.0,1.0,5.0,0.000166,0.09113311767578125,5000.0,5.0,1.0,3.0,0.00214,0.0027608871459960938,500.0,3.0,1.0,5.0,5.0,15.0,0.25,-0.16666666666666669
5.0,0.000119,0.09113311767578125,5000.0,5.0,1.0,5.0,0.00012,0.09113311767578125,5000.0,5.0,1.0,5.0,0.000119,0.09113311767578125,5000.0,5.0,1.0,5.0,0.00012,0.09113311767578125,5000.0,5.0,1.0,3.0,0.002094,0.0027608871459960938,500.0,3.0,1.0,5.0,1.0,11.0,0.08333333333333333,2,5.0,0.000184,0.09113311767578125,5000.0,5.0,1.0,5.0,0.000185,0.09113311767578125,5000.0,5.0,1.0,5.0,0.000184,0.09113311767578125,5000.0,5.0,1.0,5.0,0.000185,0.09113311767578125,5000.0,5.0,1.0,3.0,0.002159,0.0027608871459960938,500.0,3.0,1.0,5.0,5.0,15.0,0.25,-0.16666666666666669
5.0,0.000119,0.09113311767578125,5000.0,5.0,1.0,5.0,0.00012,0.09113311767578125,5000.0,5.0,1.0,5.0,0.000119,0.09113311767578125,5000.0,5.0,1.0,5.0,0.00012,0.09113311767578125,5000.0,5.0,1.0,3.0,0.002094,0.0027608871459960938,500.0,3.0,1.0,5.0,1.0,11.0,0.08333333333333333,3,5.0,0.000202,0.09113311767578125,5000.0,5.0,1.0,5.0,0.000203,0.09113311767578125,5000.0,5.0,1.0,5.0,0.000202,0.09113311767578125,5000.0,5.0,1.0,5.0,0.000203,0.09113311767578125,5000.0,5.0,1.0,3.0,0.002177,0.0027608871459960938,500.0,3.0,1.0,5.0,5.0,15.0,0.25,-0.16666666666666669
5.0,0.000119,0.09113311767578125,5000.0,5.0,1.0,5.0,0.00012,0.09113311767578125,5000.0,5.0,1.0,5.0,0.000119,0.09113311767578125,5000.0,5.0,1.0,5.0,0.00012,0.09113311767578125,5000.0,5.0,1.0,3.0,0.002094,0.0027608871459960938,500.0,3.0,1.0,5.0,1.0,11.0,0.08333333333333333,4,5.0,0.00022,0.09113311767578125,5000.0,5.0,1.0,5.0,0.000221,0.09113311767578125,5000.0,5.0,1.0,5.0,0.00022,0.09113311767578125,5000.0,5.0,1.0,5.0,0.000221,0.09113311767578125,5000.0,5.0,1.0,3.0,0.002195,0.0027608871459960938,500.0,3.0,1.0,5.0,5.0,15.0,0.25,-0.16666666666666669
5.0,0.00024,0.09113311767578125,5000.0,5.0,1.0,5.0,0.000241,0.09113311767578125,5000.0,5.0,1.0,5.0,0.000241,0.09113311767578125,5000.0,5.0,1.0,5.0,0.000241,0.09113311767578125,5000.0,5.0,1.0,3.0,0.002211,0.0027608871459960938,500.0,3.0,1.0,5.0,1.0,11.0,0.08333333333333333,0,5.0,0.000259,0.09113311767578125,5000.0,5.0,1.0,5.0,0.00026,0.09113311767578125,5000.0,5.0,1.0,5.0,0.000259,0.09113311767578125,5000.0,5.0,1.0,5.0,0.00026,0.09113311767578125,5000.0,5.0,1.0,3.0,0.00223,0.0027608871459960938,500.0,3.0,1.0,5.0,5.0,15.0,0.25,-0.16666666666666669
5.0,0.00024,0.09113311767578125,5000.0,5.0,1.0,5.0,0.000241,0.09113311767578125,5000.0,5.0,1.0,5.0,0.000241,0.09113311767578125,5000.0,5.0,1.0,5.0,0.000241,0.09113311767578125,5000.0,5.0,1.0,3.0,0.002211,0.0027608871459960938,500.0,3.0,1.0,5.0,1.0,11.0,0.08333333333333333,1,5.0,0.000279,0.09113311767578125,5000.0,5.0,1.0,5.0,0.000281,0.09113311767578125,5000.0,5.0,1.0,5.0,0.000281,0.09113311767578125,5000.0,5.0,1.0,5.0,0.000282,0.09113311767578125,5000.0,5.0,1.0,3.0,0.002252,0.0027608871459960938,500.0,3.0,1.0,5.0,5.0,15.0,0.25,-0.16666666666666669
5.0,0.00024,0.09113311767578125,5000.0,5.0,1.0,5.0,0.000241,0.09113311767578125,5000.0,5.0,1.0,5.0,0.000241,0.09113311767578125,5000.0,5.0,1.0,5.0,0.000241,0.09113311767578125,5000.0,5.0,1.0,3.0,0.002211,0.0027608871459960938,500.0,3.0,1.0,5.0,1.0,11.0,0.08333333333333333,2,5.0,0.0003,0.09113311767578125,5000.0,5.0,1.0,5.0,0.000301,0.09113311767578125,5000.0,5.0,1.0,5.0,0.000301,0.09113311767578125,5000.0,5.0,1.0,5.0,0.000301,0.09113311767578125,5000.0,5.0,1.0,3.0,0.002271,0.0027608871459960938,500.0,3.0,1.0,5.0,5.0,15.0,0.25,-0.16666666666666669
5.0,0.00024,0.09113311767578125,5000.0,5.0,1.0,5.0,0.000241,0.09113311767578125,5000.0,5.0,1.0,5.0,0.000241,0.09113311767578125,5000.0,5.0,1.0,5.0,0.000241,0.09113311767578125,5000.0,5.0,1.0,3.0,0.002211,0.0027608871459960938,500.0,3.0,1.0,5.0,1.0,11.0,0.08333333333333333,3,5.0,0.000319,0.09113311767578125,5000.0,5.0,1.0,5.0,0.00032,0.09113311767578125,5000.0,5.0,1.0,5.0,0.00032,0.09113311767578125,5000.0,5.0,1.0,5.0,0.000321,0.09113311767578125,5000.0,5.0,1.0,3.0,0.002291,0.0027608871459960938,500.0,3.0,1.0,5.0,5.0,15.0,0.25,-0.16666666666666669
5.0,0.00024,0.09113311767578125,5000.0,5.0,1.0,5.0,0.000241,0.09113311767578125,5000.0,5.0,1.0,5.0,0.000241,0.09113311767578125,5000.0,5.0,1.0,5.0,0.000241,0.09113311767578125,5000.0,5.0,1.0,3.0,0.002211,0.0027608871459960938,500.0,3.0,1.0,5.0,1.0,11.0,0.08333333333333333,4,5.0,0.000341,0.09113311767578125,5000.0,5.0,1.0,5.0,0.000343,0.09113311767578125,5000.0,5.0,1.0,5.0,0.000343,0.09113311767578125,5000.0,5.0,1.0,5.0,0.000344,0.09113311767578125,5000.0,5.0,1.0,3.0,0.002314,0.0027608871459960938,500.0,3.0,1.0,5.0,5.0,15.0,0.25,-0.16666666666666669
5.0,0.000363,0.09113311767578125,5000.0,5.0,1.0,5.0,0.000364,0.09113311767578125,5000.0,5.0,1.0,5.0,0.000364,0.09113311767578125,5000.0,5.0,1.0,5.0,0.000365,0.09113311767578125,5000.0,5.0,1.0,4.0,0.002216,0.0027608871459960938,500.0,3.0,1.0,5.0,1.0,11.0,0.08333333333333333,0,5.0,0.000383,0.09113311767578125,5000.0,5.0,1.0,5.0,0.000383,0.09113311767578125,5000.0,5.0,1.0,5.0,0.000383,0.09113311767578125,5000.0,5.0,1.0,5.0,0.000384,0.09113311767578125,5000.0,5.0,1.0,4.0,0.002236,0.0027608871459960938,500.0,3.0,1.0,5.0,5.0,15.0,0.25,-0.16666666666666669
5.0,0.000363,0.09113311767578125,5000.0,5.0,1.0,5.0,0.000364,0.09113311767578125,5000.0,5.0,1.0,5.0,0.000364,0.09113311767578125,5000.0,5.0,1.0,5.0,0.000365,0.09113311767578125,5000.0,5.0,1.0,4.0,0.002216,0.0027608871459960938,500.0,3.0,1.0,5.0,1.0,11.0,0.08333333333333333,1,5.0,0.000401,0.09113311767578125,5000.0,5.0,1.0,5.0,0.000402,0.09113311767578125,5000.0,5.0,1.0,5.0,0.000402,0.09113311767578125,5000.0,5.0,1.0,5.0,0.000403,0.09113311767578125,5000.0,5.0,1.0,4.0,0.002255,0.0027608871459960938,500.0,3.0,1.0,5.0,5.0,15.0,0.25,-0.16666666666666669
5.0,0.000363,0.09113311767578125,5000.0,5.0,1.0,5.0,0.000364,0.09113311767578125,5000.0,5.0,1.0,5.0,0.000364,0.09113311767578125,5000.0,5.0,1.0,5.0,0.000365,0.09113311767578125,5000.0,5.0,1.0,4.0,0.002216,0.0027608871459960938,500.0,3.0,1.0,5.0,1.0,11.0,0.08333333333333333,2,5.0,0.00042,0.09113311767578125,5000.0,5.0,1.0,5.0,0.000421,0.09113311767578125,5000.0,5.0,1.0,5.0,0.00042,0.09113311767578125,5000.0,5.0,1.0,5.0,0.000421,0.09113311767578125,5000.0,5.0,1.0,4.0,0.002273,0.0027608871459960938,500.0,3.0,1.0,5.0,5.0,15.0,0.25,-0.16666666666666669
5.0,0.000363,0.09113311767578125,5000.0,5.0,1.0,5.0,0.000364,0.09113311767578125,5000.0,5.0,1.0,5.0,0.000364,0.09113311767578125,5000.0,5.0,1.0,5.0,0.000365,0.09113311767578125,5000.0,5.0,1.0,4.0,0.002216,0.0027608871459960938,500.0,3.0,1.0,5.0,1.0,11.0,0.08333333333333333,3,5.0,0.000438,0.09113311767578125,5000.0,5.0,1.0,5.0,0.000439,0.09113311767578125,5000.0,5.0,1.0,5.0,0.000438,0.09113311767578125,5000.0,5.0,1.0,5.0,0.000439,0.09113311767578125,5000.0,5.0,1.0,4.0,0.002291,0.0027608871459960938,500.0,3.0,1.0,5.0,5.0,15.0,0.25,-0.16666666666666669
5.0,0.000363,0.09113311767578125,5000.0,5.0,1.0,5.0,0.000364,0.09113311767578125,5000.0,5.0,1.0,5.0,0.000364,0.09113311767578125,5000.0,5.0,1.0,5.0,0.000365,0.09113311767578125,5000.0,5.0,1.0,4.0,0.002216,0.0027608871459960938,500.0,3.0,1.0,5.0,1.0,11.0,0.08333333333333333,4,5.0,0.000456,0.09113311767578125,5000.0,5.0,1.0,5.0,0.000457,0.09113311767578125,5000.0,5.0,1.0,5.0,0.000457,0.09113311767578125,5000.0,5.0,1.0,5.0,0.000459,0.09113311767578125,5000.0,5.0,1.0,4.0,0.002311,0.0027608871459960938,500.0,3.0,1.0,5.0,5.0,15.0,0.25,-0.16666666666666669
5.0,0.000481,0.09113311767578125,5000.0,5.0,1.0,5.0,0.000482,0.09113311767578125,5000.0,5.0,1.0,5.0,0.000482,0.09113311767578125,5000.0,5.0,1.0,5.0,0.000483,0.09113311767578125,5000.0,5.0,1.0,4.0,0.002331,0.0027608871459960938,500.0,3.0,1.0,5.0,1.0,11.0,0.08333333333333333,0,5.0,0.000501,0.09113311767578125,5000.0,5.0,1.0,5.0,0.000502,0.09113311767578125,5000.0,5.0,1.0,5.0,0.000501,0.09113311767578125,5000.0,5.0,1.0,5.0,0.000502,0.09113311767578125,5000.0,5.0,1.0,4.0,0.002351,0.0027608871459960938,500.0,3.0,1.0,5.0,5.0,15.0,0.25,-0.16666666666666669
5.0,0.000481,0.09113311767578125,5000.0,5.0,1.0,5.0,0.000482,0.09113311767578125,5000.0,5.0,1.0,5.0,0.000482,0.09113311767578125,5000.0,5.0,1.0,5.0,0.000483,0.09113311767578125,5000.0,5.0,1.0,4.0,0.002331,0.0027608871459960938,500.0,3.0,1.0,5.0,1.0,11.0,0.08333333333333333,1,5.0,0.000519,0.09113311767578125,5000.0,5.0,1.0,5.0,0.00052,0.09113311767578125,5000.0,5.0,1.0,5.0,0.00052,0.09113311767578125,5000.0,5.0,1.0,5.0,0.000521,0.09113311767578125,5000.0,5.0,1.0,4.0,0.00237,0.0027608871459960938,500.0,3.0,1.0,5.0,5.0,15.0,0.25,-0.16666666666666669
5.0,0.000481,0.09113311767578125,5000.0,5.0,1.0,5.0,0.000482,0.09113311767578125,5000.0,5.0,1.0,5.0,0.000482,0.09113311767578125,5000.0,5.0,1.0,5.0,0.000483,0.09113311767578125,5000.0,5.0,1.0,4.0,0.002331,0.0027608871459960938,500.0,3.0,1.0,5.0,1.0,11.0,0.08333333333333333,2,5.0,0.000538,0.09113311767578125,5000.0,5.0,1.0,5.0,0.000539,0.09113311767578125,5000.0,5.0,1.0,5.0,0.000539,0.09113311767578125,5000.0,5.0,1.0,5.0,0.000539,0.09113311767578125,5000.0,5.0,1.0,4.0,0.002388,0.0027608871459960938,500.0,3.0,1.0,5.0,5.0,15.0,0.25,-0.16666666666666669
5.0,0.000481,0.09113311767578125,5000.0,5.0,1.0,5.0,0.000482,0.09113311767578125,5000.0,5.0,1.0,5.0,0.000482,0.09113311767578125,5000.0,5.0,1.0,5.0,0.000483,0.09113311767578125,5000.0,5.0,1.0,4.0,0.002331,0.0027608871459960938,500.0,3.0,1.0,5.0,1.0,11.0,0.08333333333333333,3,5.0,0.000556,0.09113311767578125,5000.0,5.0,1.0,5.0,0.000557,0.09113311767578125,5000.0,5.0,1.0,5.0,0.000557,0.09113311767578125,5000.0,5.0,1.0,5.0,0.000557,0.09113311767578125,5000.0,5.0,1.0,4.0,0.002406,0.0027608871459960938,500.0,3.0,1.0,5.0,5.0,15.0,0.25,-0.16666666666666669
5.0,0.000481,0.09113311767578125,5000.0,5.0,1.0,5.0,0.000482,0.09113311767578125,5000.0,5.0,1.0,5.0,0.000482,0.09113311767578125,5000.0,5.0,1.0,5.0,0.000483,0.09113311767578125,5000.0,5.0,1.0,4.0,0.002331,0.0027608871459960938,500.0,3.0,1.0,5.0,1.0,11.0,0.08333333333333333,4,5.0,0.000577,0.09113311767578125,5000.0,5.0,1.0,5.0,0.000579,0.09113311767578125,5000.0,5.0,1.0,5.0,0.000579,0.09113311767578125,5000.0,5.0,1.0,5.0,0.00058,0.09113311767578125,5000.0,5.0,1.0,4.0,0.002429,0.0027608871459960938,500.0,3.0,1.0,5.0,5.0,15.0,0.25,-0.16666666666666669
5.0,0.000604,0.09113311767578125,5000.0,5.0,1.0,5.0,0.000606,0.09113311767578125,5000.0,5.0,1.0,5.0,0.000606,0.09113311767578125,5000.0,5.0,1.0,5.0,0.000607,0.09113311767578125,5000.0,5.0,1.0,4.0,0.002453,0.0027608871459960938,500.0,3.0,1.0,5.0,1.0,11.0,0.08333333333333333,0,5.0,0.000625,0.09113311767578125,5000.0,5.0,1.0,5.0,0.000626,0.09113311767578125,5000.0,5.0,1.0,5.0,0.000626,0.09113311767578125,5000.0,5.0,1.0,5.0,0.000627,0.09113311767578125,5000.0,5.0,1.0,4.0,0.002473,0.0027608871459960938,500.0,3.0,1.0,5.0,5.0,15.0,0.25,-0.16666666666666669
5.0,0.000604,0.09113311767578125,5000.0,5.0,1.0,5.0,0.000606,0.09113311767578125,5000.0,5.0,1.0,5.0,0.000606,0.09113311767578125,5000.0,5.0,1.0,5.0,0.000607,0.09113311767578125,5000.0,5.0,1.0,4.0,0.002453,0.0027608871459960938,500.0,3.0,1.0,5.0,1.0,11.0,0.08333333333333333,1,5.0,0.000648,0.09113311767578125,5000.0,5.0,1.0,5.0,0.000649,0.09113311767578125,5000.0,5.0,1.0,5.0,0.00065,0.09113311767578125,5000.0,5.0,1.0,5.0,0.000651,0.09113311767578125,5000.0,5.0,1.0,4.0,0.002498,0.0027608871459960938,500.0,3.0,1.0,5.0,5.0,15.0,0.25,-0.16666666666666669
5.0,0.000604,0.09113311767578125,5000.0,5.0,1.0,5.0,0.000606,0.09113311767578125,5000.0,5.0,1.0,5.0,0.000606,0.09113311767578125,5000.0,5.0,1.0,5.0,0.000607,0.09113311767578125,5000.0,5.0,1.0,4.0,0.002453,0.0027608871459960938,500.0,3.0,1.0,5.0,1.0,11.0,0.08333333333333333,2,5.0,0.000672,0.09113311767578125,5000.0,5.0,1.0,5.0,0.000673,0.09113311767578125,5000.0,5.0,1.0,5.0,0.000672,0.09113311767578125,5000.0,5.0,1.0,5.0,0.000673,0.09113311767578125,5000.0,5.0,1.0,4.0,0.002519,0.0027608871459960938,500.0,3.0,1.0,5.0,5.0,15.0,0.25,-0.16666666666666669
5.0,0.000604,0.09113311767578125,5000.0,5.0,1.0,5.0,0.000606,0.09113311767578125,5000.0,5.0,1.0,5.0,0.000606,0.09113311767578125,5000.0,5.0,1.0,5.0,0.000607,0.09113311767578125,5000.0,5.0,1.0,4.0,0.002453,0.0027608871459960938,500.0,3.0,1.0,5.0,1.0,11.0,0.08333333333333333,3,5.0,0.000691,0.09113311767578125,5000.0,5.0,1.0,5.0,0.000692,0.09113311767578125,5000.0,5.0,1.0,5.0,0.000691,0.09113311767578125,5000.0,5.0,1.0,5.0,0.000692,0.09113311767578125,5000.0,5.0,1.0,4.0,0.002538,0.0027608871459960938,500.0,3.0,1.0,5.0,5.0,15.0,0.25,-0.16666666666666669
5.0,0.000604,0.09113311767578125,5000.0,5.0,1.0,5.0,0.000606,0.09113311767578125,5000.0,5.0,1.0,5.0,0.000606,0.09113311767578125,5000.0,5.0,1.0,5.0,0.000607,0.09113311767578125,5000.0,5.0,1.0,4.0,0.002453,0.0027608871459960938,500.0,3.0,1.0,5.0,1.0,11.0,0.08333333333333333,4,5.0,0.00071,0.09113311767578125,5000.0,5.0,1.0,5.0,0.000711,0.09113311767578125,5000.0,5.0,1.0,5.0,0.000711,0.09113311767578125,5000.0,5.0,1.0,5.0,0.000712,0.09113311767578125,5000.0,5.0,1.0,4.0,0.002557,0.0027608871459960938,500.0,3.0,1.0,5.0,5.0,15.0,0.25,-0.16666666666666669
5.0,0.000731,0.09113311767578125,5000.0,5.0,1.0,5.0,0.000732,0.09113311767578125,5000.0,5.0,1.0,5.0,0.000732,0.09113311767578125,5000.0,5.0,1.0,5.0,0.000733,0.09113311767578125,5000.0,5.0,1.0,4.0,0.002574,0.0027608871459960938,500.0,3.0,1.0,5.0,1.0,11.0,0.08333333333333333,0,5.0,0.000751,0.09113311767578125,5000.0,5.0,1.0,5.0,0.000752,0.09113311767578125,5000.0,5.0,1.0,5.0,0.000751,0.09113311767578125,5000.0,5.0,1.0,5.0,0.000752,0.09113311767578125,5000.0,5.0,1.0,4.0,0.002594,0.0027608871459960938,500.0,3.0,1.0,5.0,5.0,15.0,0.25,-0.16666666666666669
5.0,0.000731,0.09113311767578125,5000.0,5.0,1.0,5.0,0.000732,0.09113311767578125,5000.0,5.0,1.0,5.0,0.000732,0.09113311767578125,5000.0,5.0,1.0,5.0,0.000733,0.09113311767578125,5000.0,5.0,1.0,4.0,0.002574,0.0027608871459960938,500.0,3.0,1.0,5.0,1.0,11.0,0.08333333333333333,1,5.0,0.000771,0.09113311767578125,5000.0,5.0,1.0,5.0,0.000772,0.09113311767578125,5000.0,5.0,1.0,5.0,0.000773,0.09113311767578125,5000.0,5.0,1.0,5.0,0.000774,0.09113311767578125,5000.0,5.0,1.0,4.0,0.002616,0.0027608871459960938,500.0,3.0,1.0,5.0,5.0,15.0,0.25,-0.16666666666666669
5.0,0.000731,0.09113311767578125,5000.0,5.0,1.0,5.0,0.000732,0.09113311767578125,5000.0,5.0,1.0,5.0,0.000732,0.09113311767578125,5000.0,5.0,1.0,5.0,0.000733,0.09113311767578125,5000.0,5.0,1.0,4.0,0.002574,0.0027608871459960938,500.0,3.0,1.0,5.0,1.0,11.0,0.08333333333333333,2,5.0,0.000796,0.09113311767578125,5000.0,5.0,1.0,5.0,0.000797,0.09113311767578125,5000.0,5.0,1.0,5.0,0.000798,0.09113311767578125,5000.0,5.0,1.0,5.0,0.000799,0.09113311767578125,5000.0,5.0,1.0,4.0,0.002641,0.0027608871459960938,500.0,3.0,1.0,5.0,5.0,15.0,0.25,-0.16666666666666669
5.0,0.000731,0.09113311767578125,5000.0,5.0,1.0,5.0,0.000732,0.09113311767578125,5000.0,5.0,1.0,5.0,0.000732,0.09113311767578125,5000.0,5.0,1.0,5.0,0.000733,0.09113311767578125,5000.0,5.0,1.0,4.0,0.002574,0.0027608871459960938,500.0,3.0,1.0,5.0,1.0,11.0,0.08333333333333333,3,5.0,0.000818,0.09113311767578125,5000.0,5.0,1.0,5.0,0.000819,0.09113311767578125,5000.0,5.0,1.0,5.0,0.000818,0.09113311767578125,5000.0,5.0,1.0,5.0,0.000819,0.09113311767578125,5000.0,5.0,1.0,4.0,0.002661,0.0027608871459960938,500.0,3.0,1.0,5.0,5.0,15.0,0.25,-0.16666666666666669
5.0,0.000731,0.09113311767578125,5000.0,5.0,1.0,5.0,0.000732,0.09113311767578125,5000.0,5.0,1.0,5.0,0.000732,0.09113311767578125,5000.0,5.0,1.0,5.0,0.000733,0.09113311767578125,5000.0,5.0,1.0,4.0,0.002574,0.0027608871459960938,500.0,3.0,1.0,5.0,1.0,11.0,0.08333333333333333,4,5.0,0.000875,0.09113311767578125,5000.0,5.0,1.0,5.0,0.000884,0.09113311767578125,5000.0,5.0,1.0,5.0,0.000885,0.09113311767578125,5000.0,5.0,1.0,5.0,0.000886,0.09113311767578125,5000.0,5.0,1.0,4.0,0.002728,0.0027608871459960938,500.0,3.0,1.0,5.0,5.0,15.0,0.25,-0.16666666666666669
5.0,0.000912,0.09113311767578125,5000.0,5.0,1.0,5.0,0.000914,0.09113311767578125,5000.0,5.0,1.0,5.0,0.000914,0.09113311767578125,5000.0,5.0,1.0,5.0,0.000915,0.09113311767578125,5000.0,5.0,1.0,4.0,0.002754,0.0027608871459960938,500.0,3.0,1.0,5.0,1.0,11.0,0.08333333333333333,0,5.0,0.000941,0.09113311767578125,5000.0,5.0,1.0,5.0,0.000943,0.09113311767578125,5000.0,5.0,1.0,5.0,0.000943,0.09113311767578125,5000.0,5.0,1.0,5.0,0.000944,0.09113311767578125,5000.0,5.0,1.0,4.0,0.002782,0.0027608871459960938,500.0,3.0,1.0,5.0,5.0,15.0,0.25,-0.16666666666666669
5.0,0.000912,0.09113311767578125,5000.0,5.0,1.0,5.0,0.000914,0.09113311767578125,5000.0,5.0,1.0,5.0,0.000914,0.09113311767578125,5000.0,5.0,1.0,5.0,0.000915,0.09113311767578125,5000.0,5.0,1.0,4.0,0.002754,0.0027608871459960938,500.0,3.0,1.0,5.0,1.0,11.0,0.08333333333333333,1,5.0,0.000962,0.09113311767578125,5000.0,5.0,1.0,5.0,0.000964,0.09113311767578125,5000.0,5.0,1.0,5.0,0.000964,0.09113311767578125,5000.0,5.0,1.0,5.0,0.000964,0.09113311767578125,5000.0,5.0,1.0,4.0,0.002804,0.0027608871459960938,500.0,3.0,1.0,5.0,5.0,15.0,0.25,-0.16666666666666669
5.0,0.000912,0.09113311767578125,5000.0,5.0,1.0,5.0,0.000914,0.09113311767578125,5000.0,5.0,1.0,5.0,0.000914,0.09113311767578125,5000.0,5.0,1.0,5.0,0.000915,0.09113311767578125,5000.0,5.0,1.0,4.0,0.002754,0.0027608871459960938,500.0,3.0,1.0,5.0,1.0,11.0,0.08333333333333333,2,5.0,0.000985,0.09113311767578125,5000.0,5.0,1.0,5.0,0.000986,0.09113311767578125,5000.0,5.0,1.0,5.0,0.000986,0.09113311767578125,5000.0,5.0,1.0,5.0,0.000987,0.09113311767578125,5000.0,5.0,1.0,4.0,0.002826,0.0027608871459960938,500.0,3.0,1.0,5.0,5.0,15.0,0.25,-0.16666666666666669
5.0,0.000912,0.09113311767578125,5000.0,5.0,1.0,5.0,0.000914,0.09113311767578125,5000.0,5.0,1.0,5.0,0.000914,0.09113311767578125,5000.0,5.0,1.0,5.0,0.000915,0.09113311767578125,5000.0,5.0,1.0,4.0,0.002754,0.0027608871459960938,500.0,3.0,1.0,5.0,1.0,11.0,0.08333333333333333,3,5.0,0.001005,0.09113311767578125,5000.0,5.0,1.0,5.0,0.001006,0.09113311767578125,5000.0,5.0,1.0,5.0,0.001006,0.09113311767578125,5000.0,5.0,1.0,5.0,0.001006,0.09113311767578125,5000.0,5.0,1.0,4.0,0.002845,0.0027608871459960938,500.0,3.0,1.0,5.0,5.0,15.0,0.25,-0.16666666666666669
5.0,0.000912,0.09113311767578125,5000.0,5.0,1.0,5.0,0.000914,0.09113311767578125,5000.0,5.0,1.0,5.0,0.000914,0.09113311767578125,5000.0,5.0,1.0,5.0,0.000915,0.09113311767578125,5000.0,5.0,1.0,4.0,0.002754,0.0027608871459960938,500.0,3.0,1.0,5.0,1.0,11.0,0.08333333333333333,4,5.0,0.001023,0.09113311767578125,5000.0,5.0,1.0,5.0,0.001024,0.09113311767578125,5000.0,5.0,1.0,5.0,0.001024,0.09113311767578125,5000.0,5.0,1.0,5.0,0.001025,0.09113311767578125,5000.0,5.0,1.0,4.0,0.002864,0.0027608871459960938,500.0,3.0,1.0,5.0,5.0,15.0,0.25,-0.16666666666666669
5.0,0.001047,0.09113311767578125,5000.0,5.0,1.0,5.0,0.00105,0.09113311767578125,5000.0,5.0,1.0,5.0,0.001051,0.09113311767578125,5000.0,5.0,1.0,5.0,0.001052,0.09113311767578125,5000.0,5.0,1.0,4.0,0.002888,0.0027608871459960938,500.0,3.0,1.0,5.0,1.0,11.0,0.08333333333333333,0,5.0,0.001075,0.09113311767578125,5000.0,5.0,1.0,5.0,0.001077,0.09113311767578125,5000.0,5.0,1.0,5.0,0.001077,0.09113311767578125,5000.0,5.0,1.0,5.0,0.001079,0.09113311767578125,5000.0,5.0,1.0,4.0,0.002915,0.0027608871459960938,500.0,3.0,1.0,5.0,5.0,15.0,0.25,-0.16666666666666669
5.0,0.001047,0.09113311767578125,5000.0,5.0,1.0,5.0,0.00105,0.09113311767578125,5000.0,5.0,1.0,5.0,0.001051,0.09113311767578125,5000.0,5.0,1.0,5.0,0.001052,0.09113311767578125,5000.0,5.0,1.0,4.0,0.002888,0.0027608871459960938,500.0,3.0,1.0,5.0,1.0,11.0,0.08333333333333333,1,5.0,0.001102,0.09113311767578125,5000.0,5.0,1.0,5.0,0.001104,0.09113311767578125,5000.0,5.0,1.0,5.0,0.001104,0.09113311767578125,5000.0,5.0,1.0,5.0,0.001104,0.09113311767578125,5000.0,5.0,1.0,4.0,0.00294,0.0027608871459960938,500.0,3.0,1.0,5.0,5.0,15.0,0.25,-0.16666666666666669
5.0,0.001047,0.09113311767578125,5000.0,5.0,1.0,5.0,0.00105,0.09113311767578125,5000.0,5.0,1.0,5.0,0.001051,0.09113311767578125,5000.0,5.0,1.0,5.0,0.001052,0.09113311767578125,5000.0,5.0,1.0,4.0,0.002888,0.0027608871459960938,500.0,3.0,1.0,5.0,1.0,11.0,0.08333333333333333,2,5.0,0.001121,0.09113311767578125,5000.0,5.0,1.0,5.0,0.001122,0.09113311767578125,5000.0,5.0,1.0,5.0,0.001122,0.09113311767578125,5000.0,5.0,1.0,5.0,0.001123,0.09113311767578125,5000.0,5.0,1.0,4.0,0.002958,0.0027608871459960938,500.0,3.0,1.0,5.0,5.0,15.0,0.25,-0.16666666666666669
5.0,0.001047,0.09113311767578125,5000.0,5.0,1.0,5.0,0.00105,0.09113311767578125,5000.0,5.0,1.0,5.0,0.001051,0.09113311767578125,5000.0,5.0,1.0,5.0,0.001052,0.09113311767578125,5000.0,5.0,1.0,4.0,0.002888,0.0027608871459960938,500.0,3.0,1.0,5.0,1.0,11.0,0.08333333333333333,3,5.0,0.001139,0.09113311767578125,5000.0,5.0,1.0,5.0,0.00114,0.09113311767578125,5000.0,5.0,1.0,5.0,0.00114,0.09113311767578125,5000.0,5.0,1.0,5.0,0.001141,0.09113311767578125,5000.0,5.0,1.0,4.0,0.002976,0.0027608871459960938,500.0,3.0,1.0,5.0,5.0,15.0,0.25,-0.16666666666666669
5.0,0.001047,0.09113311767578125,5000.0,5.0,1.0,5.0,0.00105,0.09113311767578125,5000.0,5.0,1.0,5.0,0.001051,0.09113311767578125,5000.0,5.0,1.0,5.0,0.001052,0.09113311767578125,5000.0,5.0,1.0,4.0,0.002888,0.0027608871459960938,500.0,3.0,1.0,5.0,1.0,11.0,0.08333333333333333,4,5.0,0.001158,0.09113311767578125,5000.0,5.0,1.0,5.0,0.001159,0.09113311767578125,5000.0,5.0,1.0,5.0,0.001159,0.09113311767578125,5000.0,5.0,1.0,5.0,0.001159,0.09113311767578125,5000.0,5.0,1.0,4.0,0.002995,0.0027608871459960938,500.0,3.0,1.0,5.0,5.0,15.0,0.25,-0.16666666666666669
5.0,0.001178,0.09113311767578125,5000.0,5.0,1.0,5.0,0.001179,0.09113311767578125,5000.0,5.0,1.0,5.0,0.001179,0.09113311767578125,5000.0,5.0,1.0,5.0,0.00118,0.09113311767578125,5000.0,5.0,1.0,3.0,0.003129,0.0027608871459960938,500.0,3.0,1.0,5.0,1.0,11.0,0.08333333333333333,0,5.0,0.001198,0.09113311767578125,5000.0,5.0,1.0,5.0,0.001198,0.09113311767578125,5000.0,5.0,1.0,5.0,0.001198,0.09113311767578125,5000.0,5.0,1.0,5.0,0.001199,0.09113311767578125,5000.0,5.0,1.0,3.0,0.003148,0.0027608871459960938,500.0,3.0,1.0,5.0,5.0,15.0,0.25,-0.16666666666666669
5.0,0.001178,0.09113311767578125,5000.0,5.0,1.0,5.0,0.001179,0.09113311767578125,5000.0,5.0,1.0,5.0,0.001179,0.09113311767578125,5000.0,5.0,1.0,5.0,0.00118,0.09113311767578125,5000.0,5.0,1.0,3.0,0.003129,0.0027608871459960938,500.0,3.0,1.0,5.0,1.0,11.0,0.08333333333333333,1,5.0,0.001216,0.09113311767578125,5000.0,5.0,1.0,5.0,0.001217,0.09113311767578125,5000.0,5.0,1.0,5.0,0.001217,0.09113311767578125,5000.0,5.0,1.0,5.0,0.001217,0.09113311767578125,5000.0,5.0,1.0,3.0,0.003167,0.0027608871459960938,500.0,3.0,1.0,5.0,5.0,15.0,0.25,-0.16666666666666669
5.0,0.001178,0.09113311767578125,5000.0,5.0,1.0,5.0,0.001179,0.09113311767578125,5000.0,5.0,1.0,5.0,0.001179,0.09113311767578125,5000.0,5.0,1.0,5.0,0.00118,0.09113311767578125,5000.0,5.0,1.0,3.0,0.003129,0.0027608871459960938,500.0,3.0,1.0,5.0,1.0,11.0,0.08333333333333333,2,5.0,0.001239,0.09113311767578125,5000.0,5.0,1.0,5.0,0.001239,0.09113311767578125,5000.0,5.0,1.0,5.0,0.001239,0.09113311767578125,5000.0,5.0,1.0,5.0,0.00124,0.09113311767578125,5000.0,5.0,1.0,3.0,0.003189,0.0027608871459960938,500.0,3.0,1.0,5.0,5.0,15.0,0.25,-0.16666666666666669
5.0,0.001178,0.09113311767578125,5000.0,5.0,1.0,5.0,0.001179,0.09113311767578125,5000.0,5.0,1.0,5.0,0.001179,0.09113311767578125,5000.0,5.0,1.0,5.0,0.00118,0.09113311767578125,5000.0,5.0,1.0,3.0,0.003129,0.0027608871459960938,500.0,3.0,1.0,5.0,1.0,11.0,0.08333333333333333,3,5.0,0.001257,0.09113311767578125,5000.0,5.0,1.0,5.0,0.001258,0.09113311767578125,5000.0,5.0,1.0,5.0,0.001257,0.09113311767578125,5000.0,5.0,1.0,5.0,0.001258,0.09113311767578125,5000.0,5.0,1.0,3.0,0.003208,0.0027608871459960938,500.0,3.0,1.0,5.0,5.0,15.0,0.25,-0.16666666666666669
5.0,0.001178,0.09113311767578125,5000.0,5.0,1.0,5.0,0.001179,0.09113311767578125,5000.0,5.0,1.0,5.0,0.001179,0.09113311767578125,5000.0,5.0,1.0,5.0,0.00118,0.09113311767578125,5000.0,5.0,1.0,3.0,0.003129,0.0027608871459960938,500.0,3.0,1.0,5.0,1.0,11.0,0.08333333333333333,4,5.0,0.001276,0.09113311767578125,5000.0,5.0,1.0,5.0,0.001277,0.09113311767578125,5000.0,5.0,1.0,5.0,0.001276,0.09113311767578125,5000.0,5.0,1.0,5.0,0.001277,0.09113311767578125,5000.0,5.0,1.0,3.0,0.003227,0.0027608871459960938,500.0,3.0,1.0,5.0,5.0,15.0,0.25,-0.16666666666666669
5.0,0.001298,0.09113311767578125,5000.0,5.0,1.0,5.0,0.001299,0.09113311767578125,5000.0,5.0,1.0,5.0,0.001298,0.09113311767578125,5000.0,5.0,1.0,5.0,0.001299,0.09113311767578125,5000.0,5.0,1.0,4.0,0.003246,0.0027608871459960938,500.0,3.0,1.0,5.0,1.0,11.0,0.08333333333333333,0,5.0,0.001316,0.09113311767578125,5000.0,5.0,1.0,5.0,0.001317,0.09113311767578125,5000.0,5.0,1.0,5.0,0.001317,0.09113311767578125,5000.0,5.0,1.0,5.0,0.001318,0.09113311767578125,5000.0,5.0,1.0,4.0,0.003264,0.0027608871459960938,500.0,3.0,1.0,5.0,5.0,15.0,0.25,-0.16666666666666669
5.0,0.001298,0.09113311767578125,5000.0,5.0,1.0,5.0,0.001299,0.09113311767578125,5000.0,5.0,1.0,5.0,0.001298,0.09113311767578125,5000.0,5.0,1.0,5.0,0.001299,0.09113311767578125,5000.0,5.0,1.0,4.0,0.003246,0.0027608871459960938,500.0,3.0,1.0,5.0,1.0,11.0,0.08333333333333333,1,5.0,0.001335,0.09113311767578125,5000.0,5.0,1.0,5.0,0.001336,0.09113311767578125,5000.0,5.0,1.0,5.0,0.001336,0.09113311767578125,5000.0,5.0,1.0,5.0,0.001336,0.09113311767578125,5000.0,5.0,1.0,4.0,0.003283,0.0027608871459960938,500.0,3.0,1.0,5.0,5.0,15.0,0.25,-0.16666666666666669
5.0,0.001298,0.09113311767578125,5000.0,5.0,1.0,5.0,0.001299,0.09113311767578125,5000.0,5.0,1.0,5.0,0.001298,0.09113311767578125,5000.0,5.0,1.0,5.0,0.001299,0.09113311767578125,5000.0,5.0,1.0,4.0,0.003246,0.0027608871459960938,500.0,3.0,1.0,5.0,1.0,11.0,0.08333333333333333,2,5.0,0.001354,0.09113311767578125,5000.0,5.0,1.0,5.0,0.001355,0.09113311767578125,5000.0,5.0,1.0,5.0,0.001355,0.09113311767578125,5000.0,5.0,1.0,5.0,0.001355,0.09113311767578125,5000.0,5.0,1.0,4.0,0.003302,0.0027608871459960938,500.0,3.0,1.0,5.0,5.0,15.0,0.25,-0.16666666666666669
5.0,0.001298,0.09113311767578125,5000.0,5.0,1.0,5.0,0.001299,0.09113311767578125,5000.0,5.0,1.0,5.0,0.001298,0.09113311767578125,5000.0,5.0,1.0,5.0,0.001299,0.09113311767578125,5000.0,5.0,1.0,4.0,0.003246,0.0027608871459960938,500.0,3.0,1.0,5.0,1.0,11.0,0.08333333333333333,3,5.0,0.001373,0.09113311767578125,5000.0,5.0,1.0,5.0,0.001374,0.09113311767578125,5000.0,5.0,1.0,5.0,0.001374,0.09113311767578125,5000.0,5.0,1.0,5.0,0.001374,0.09113311767578125,5000.0,5.0,1.0,4.0,0.003321,0.0027608871459960938,500.0,3.0,1.0,5.0,5.0,15.0,0.25,-0.16666666666666669
5.0,0.001298,0.09113311767578125,5000.0,5.0,1.0,5.0,0.001299,0.09113311767578125,5000.0,5.0,1.0,5.0,0.001298,0.09113311767578125,5000.0,5.0,1.0,5.0,0.001299,0.09113311767578125,5000.0,5.0,1.0,4.0,0.003246,0.0027608871459960938,500.0,3.0,1.0,5.0,1.0,11.0,0.08333333333333333,4,5.0,0.001392,0.09113311767578125,5000.0,5.0,1.0,5.0,0.001392,0.09113311767578125,5000.0,5.0,1.0,5.0,0.001392,0.09113311767578125,5000.0,5.0,1.0,5.0,0.001393,0.09113311767578125,5000.0,5.0,1.0,4.0,0.003339,0.0027608871459960938,500.0,3.0,1.0,5.0,5.0,15.0,0.25,-0.16666666666666669
5.0,0.001412,0.09113311767578125,5000.0,5.0,1.0,5.0,0.001413,0.09113311767578125,5000.0,5.0,1.0,5.0,0.001413,0.09113311767578125,5000.0,5.0,1.0,5.0,0.001413,0.09113311767578125,5000.0,5.0,1.0,5.0,0.003238,0.09113311767578125,5000.0,5.0,1.0,5.0,1.0,11.0,0.08333333333333333,0,5.0,0.00143,0.09113311767578125,5000.0,5.0,1.0,5.0,0.001431,0.09113311767578125,5000.0,5.0,1.0,5.0,0.001431,0.09113311767578125,5000.0,5.0,1.0,5.0,0.001431,0.09113311767578125,5000.0,5.0,1.0,5.0,0.003256,0.09113311767578125,5000.0,5.0,1.0,5.0,5.0,15.0,0.25,-0.16666666666666669
5.0,0.001412,0.09113311767578125,5000.0,5.0,1.0,5.0,0.001413,0.09113311767578125,5000.0,5.0,1.0,5.0,0.001413,0.09113311767578125,5000.0,5.0,1.0,5.0,0.001413,0.09113311767578125,5000.0,5.0,1.0,5.0,0.003238,0.09113311767578125,5000.0,5.0,1.0,5.0,1.0,11.0,0.08333333333333333,1,5.0,0.001448,0.09113311767578125,5000.0,5.0,1.0,5.0,0.001449,0.09113311767578125,5000.0,5.0,1.0,5.0,0.001449,0.09113311767578125,5000.0,5.0,1.0,5.0,0.00145,0.09113311767578125,5000.0,5.0,1.0,5.0,0.003274,0.09113311767578125,5000.0,5.0,1.0,5.0,5.0,15.0,0.25,-0.16666666666666669
5.0,0.001412,0.09113311767578125,5000.0,5.0,1.0,5.0,0.001413,0.09113311767578125,5000.0,5.0,1.0,5.0,0.001413,0.09113311767578125,5000.0,5.0,1.0,5.0,0.001413,0.09113311767578125,5000.0,5.0,1.0,5.0,0.003238,0.09113311767578125,5000.0,5.0,1.0,5.0,1.0,11.0,0.08333333333333333,2,5.0,0.001466,0.09113311767578125,5000.0,5.0,1.0,5.0,0.001467,0.09113311767578125,5000.0,5.0,1.0,5.0,0.001467,0.09113311767578125,5000.0,5.0,1.0,5.0,0.001468,0.09113311767578125,5000.0,5.0,1.0,5.0,0.003292,0.09113311767578125,5000.0,5.0,1.0,5.0,5.0,15.0,0.25,-0.16666666666666669
5.0,0.001412,0.09113311767578125,5000.0,5.0,1.0,5.0,0.001413,0.09113311767578125,5000.0,5.0,1.0,5.0,0.001413,0.09113311767578125,5000.0,5.0,1.0,5.0,0.001413,0.09113311767578125,5000.0,5.0,1.0,5.0,0.003238,0.09113311767578125,5000.0,5.0,1.0,5.0,1.0,11.0,0.08333333333333333,3,5.0,0.001488,0.09113311767578125,5000.0,5.0,1.0,5.0,0.001489,0.09113311767578125,5000.0,5.0,1.0,5.0,0.001489,0.09113311767578125,5000.0,5.0,1.0,5.0,0.00149,0.09113311767578125,5000.0,5.0,1.0,5.0,0.003314,0.09113311767578125,5000.0,5.0,1.0,5.0,5.0,15.0,0.25,-0.16666666666666669
5.0,0.001412,0.09113311767578125,5000.0,5.0,1.0,5.0,0.001413,0.09113311767578125,5000.0,5.0,1.0,5.0,0.001413,0.09113311767578125,5000.0,5.0,1.0,5.0,0.001413,0.09113311767578125,5000.0,5.0,1.0,5.0,0.003238,0.09113311767578125,5000.0,5.0,1.0,5.0,1.0,11.0,0.08333333333333333,4,5.0,0.001506,0.09113311767578125,5000.0,5.0,1.0,5.0,0.001507,0.09113311767578125,5000.0,5.0,1.0,5.0,0.001507,0.09113311767578125,5000.0,5.0,1.0,5.0,0.001508,0.09113311767578125,5000.0,5.0,1.0,5.0,0.003332,0.09113311767578125,5000.0,5.0,1.0,5.0,5.0,15.0,0.25,-0.16666666666666669
5.0,0.001535,0.09113311767578125,5000.0,5.0,1.0,5.0,0.001536,0.09113311767578125,5000.0,5.0,1.0,5.0,0.001536,0.09113311767578125,5000.0,5.0,1.0,5.0,0.001536,0.09113311767578125,5000.0,5.0,1.0,5.0,0.003359,0.09113311767578125,5000.0,5.0,1.0,5.0,5.0,6.0,0.45454545454545453,0,5.0,0.00155,0.09113311767578125,5000.0,5.0,1.0,5.0,0.001551,0.09113311767578125,5000.0,5.0,1.0,5.0,0.001551,0.09113311767578125,5000.0,5.0,1.0,5.0,0.001552,0.09113311767578125,5000.0,5.0,1.0,5.0,0.003374,0.09113311767578125,5000.0,5.0,1.0,5.0,5.0,15.0,0.25,0.20454545454545453
5.0,0.001535,0.09113311767578125,5000.0,5.0,1.0,5.0,0.001536,0.09113311767578125,5000.0,5.0,1.0,5.0,0.001536,0.09113311767578125,5000.0,5.0,1.0,5.0,0.001536,0.09113311767578125,5000.0,5.0,1.0,5.0,0.003359,0.09113311767578125,5000.0,5.0,1.0,5.0,5.0,6.0,0.45454545454545453,1,5.0,0.001569,0.09113311767578125,5000.0,5.0,1.0,5.0,0.00157,0.09113311767578125,5000.0,5.0,1.0,5.0,0.00157,0.09113311767578125,5000.0,5.0,1.0,5.0,0.001571,0.09113311767578125,5000.0,5.0,1.0,5.0,0.003393,0.09113311767578125,5000.0,5.0,1.0,5.0,5.0,15.0,0.25,0.20454545454545453
5.0,0.001535,0.09113311767578125,5000.0,5.0,1.0,5.0,0.001536,0.09113311767578125,5000.0,5.0,1.0,5.0,0.001536,0.09113311767578125,5000.0,5.0,1.0,5.0,0.001536,0.09113311767578125,5000.0,5.0,1.0,5.0,0.003359,0.09113311767578125,5000.0,5.0,1.0,5.0,5.0,6.0,0.45454545454545453,2,5.0,0.001587,0.09113311767578125,5000.0,5.0,1.0,5.0,0.001588,0.09113311767578125,5000.0,5.0,1.0,5.0,0.001588,0.09113311767578125,5000.0,5.0,1.0,5.0,0.001589,0.09113311767578125,5000.0,5.0,1.0,5.0,0.003411,0.09113311767578125,5000.0,5.0,1.0,5.0,5.0,15.0,0.25,0.20454545454545453
5.0,0.001535,0.09113311767578125,5000.0,5.0,1.0,5.0,0.001536,0.09113311767578125,5000.0,5.0,1.0,5.0,0.001536,0.09113311767578125,5000.0,5.0,1.0,5.0,0.001536,0.09113311767578125,5000.0,5.0,1.0,5.0,0.003359,0.09113311767578125,5000.0,5.0,1.0,5.0,5.0,6.0,0.45454545454545453,3,5.0,0.001606,0.09113311767578125,5000.0,5.0,1.0,5.0,0.001607,0.09113311767578125,5000.0,5.0,1.0,5.0,0.001606,0.09113311767578125,5000.0,5.0,1.0,5.0,0.001607,0.09113311767578125,5000.0,5.0,1.0,5.0,0.00343,0.09113311767578125,5000.0,5.0,1.0,5.0,5.0,15.0,0.25,0.20454545454545453
5.0,0.001535,0.09113311767578125,5000.0,5.0,1.0,5.0,0.001536,0.09113311767578125,5000.0,5.0,1.0,5.0,0.001536,0.09113311767578125,5000.0,5.0,1.0,5.0,0.001536,0.09113311767578125,5000.0,5.0,1.0,5.0,0.003359,0.09113311767578125,5000.0,5.0,1.0,5.0,5.0,6.0,0.45454545454545453,4,5.0,0.001624,0.09113311767578125,5000.0,5.0,1.0,5.0,0.001624,0.09113311767578125,5000.0,5.0,1.0,5.0,0.001624,0.09113311767578125,5000.0,5.0,1.0,5.0,0.001625,0.09113311767578125,5000.0,5.0,1.0,5.0,0.003447,0.09113311767578125,5000.0,5.0,1.0,5.0,5.0,15.0,0.25,0.20454545454545453
5.0,0.001643,0.09113311767578125,5000.0,5.0,1.0,5.0,0.001644,0.09113311767578125,5000.0,5.0,1.0,5.0,0.001644,0.09113311767578125,5000.0,5.0,1.0,5.0,0.001645,0.09113311767578125,5000.0,5.0,1.0,4.0,0.003591,0.0027608871459960938,500.0,3.0,1.0,5.0,5.0,6.0,0.45454545454545453,0,5.0,0.001659,0.09113311767578125,5000.0,5.0,1.0,5.0,0.00166,0.09113311767578125,5000.0,5.0,1.0,5.0,0.001659,0.09113311767578125,5000.0,5.0,1.0,5.0,0.00166,0.09113311767578125,5000.0,5.0,1.0,4.0,0.003606,0.0027608871459960938,500.0,3.0,1.0,5.0,5.0,15.0,0.25,0.20454545454545453
5.0,0.001643,0.09113311767578125,5000.0,5.0,1.0,5.0,0.001644,0.09113311767578125,5000.0,5.0,1.0,5.0,0.001644,0.09113311767578125,5000.0,5.0,1.0,5.0,0.001645,0.09113311767578125,5000.0,5.0,1.0,4.0,0.003591,0.0027608871459960938,500.0,3.0,1.0,5.0,5.0,6.0,0.45454545454545453,1,5.0,0.001678,0.09113311767578125,5000.0,5.0,1.0,5.0,0.001679,0.09113311767578125,5000.0,5.0,1.0,5.0,0.001678,0.09113311767578125,5000.0,5.0,1.0,5.0,0.001679,0.09113311767578125,5000.0,5.0,1.0,4.0,0.003626,0.0027608871459960938,500.0,3.0,1.0,5.0,5.0,15.0,0.25,0.20454545454545453
5.0,0.001643,0.09113311767578125,5000.0,5.0,1.0,5.0,0.001644,0.09113311767578125,5000.0,5.0,1.0,5.0,0.001644,0.09113311767578125,5000.0,5.0,1.0,5.0,0.001645,0.09113311767578125,5000.0,5.0,1.0,4.0,0.003591,0.0027608871459960938,500.0,3.0,1.0,5.0,5.0,6.0,0.45454545454545453,2,5.0,0.001696,0.09113311767578125,5000.0,5.0,1.0,5.0,0.001697,0.09113311767578125,5000.0,5.0,1.0,5.0,0.001697,0.09113311767578125,5000.0,5.0,1.0,5.0,0.001697,0.09113311767578125,5000.0,5.0,1.0,4.0,0.003644,0.0027608871459960938,500.0,3.0,1.0,5.0,5.0,15.0,0.25,0.20454545454545453
5.0,0.001643,0.09113311767578125,5000.0,5.0,1.0,5.0,0.001644,0.09113311767578125,5000.0,5.0,1.0,5.0,0.001644,0.09113311767578125,5000.0,5.0,1.0,5.0,0.001645,0.09113311767578125,5000.0,5.0,1.0,4.0,0.003591,0.0027608871459960938,500.0,3.0,1.0,5.0,5.0,6.0,0.45454545454545453,3,5.0,0.001714,0.09113311767578125,5000.0,5.0,1.0,5.0,0.001715,0.09113311767578125,5000.0,5.0,1.0,5.0,0.001715,0.09113311767578125,5000.0,5.0,1.0,5.0,0.001715,0.09113311767578125,5000.0,5.0,1.0,4.0,0.003662,0.0027608871459960938,500.0,3.0,1.0,5.0,5.0,15.0,0.25,0.20454545454545453
5.0,0.001643,0.09113311767578125,5000.0,5.0,1.0,5.0,0.001644,0.09113311767578125,5000.0,5.0,1.0,5.0,0.001644,0.09113311767578125,5000.0,5.0,1.0,5.0,0.001645,0.09113311767578125,5000.0,5.0,1.0,4.0,0.003591,0.0027608871459960938,500.0,3.0,1.0,5.0,5.0,6.0,0.45454545454545453,4,5.0,0.001733,0.09113311767578125,5000.0,5.0,1.0,5.0,0.001734,0.09113311767578125,5000.0,5.0,1.0,5.0,0.001733,0.09113311767578125,5000.0,5.0,1.0,5.0,0.001734,0.09113311767578125,5000.0,5.0,1.0,4.0,0.003681,0.0027608871459960938,500.0,3.0,1.0,5.0,5.0,15.0,0.25,0.20454545454545453
5.0,0.001754,0.09113311767578125,5000.0,5.0,1.0,5.0,0.001755,0.09113311767578125,5000.0,5.0,1.0,5.0,0.001754,0.09113311767578125,5000.0,5.0,1.0,5.0,0.001755,0.09113311767578125,5000.0,5.0,1.0,4.0,0.003586,0.09113311767578125,5000.0,5.0,1.0,5.0,5.0,6.0,0.45454545454545453,0,5.0,0.001769,0.09113311767578125,5000.0,5.0,1.0,5.0,0.00177,0.09113311767578125,5000.0,5.0,1.0,5.0,0.001769,0.09113311767578125,5000.0,5.0,1.0,5.0,0.00177,0.09113311767578125,5000.0,5.0,1.0,4.0,0.003601,0.09113311767578125,5000.0,5.0,1.0,5.0,5.0,15.0,0.25,0.20454545454545453
5.0,0.001754,0.09113311767578125,5000.0,5.0,1.0,5.0,0.001755,0.09113311767578125,5000.0,5.0,1.0,5.0,0.001754,0.09113311767578125,5000.0,5.0,1.0,5.0,0.001755,0.09113311767578125,5000.0,5.0,1.0,4.0,0.003586,0.09113311767578125,5000.0,5.0,1.0,5.0,5.0,6.0,0.45454545454545453,1,5.0,0.001787,0.09113311767578125,5000.0,5.0,1.0,5.0,0.001788,0.09113311767578125,5000.0,5.0,1.0,5.0,0.001787,0.09113311767578125,5000.0,5.0,1.0,5.0,0.001788,0.09113311767578125,5000.0,5.0,1.0,4.0,0.003619,0.09113311767578125,5000.0,5.0,1.0,5.0,5.0,15.0,0.25,0.20454545454545453
5.0,0.001754,0.09113311767578125,5000.0,5.0,1.0,5.0,0.001755,0.09113311767578125,5000.0,5.0,1.0,5.0,0.001754,0.09113311767578125,5000.0,5.0,1.0,5.0,0.001755,0.09113311767578125,5000.0,5.0,1.0,4.0,0.003586,0.09113311767578125,5000.0,5.0,1.0,5.0,5.0,6.0,0.45454545454545453,2,5.0,0.001805,0.09113311767578125,5000.0,5.0,1.0,5.0,0.001806,0.09113311767578125,5000.0,5.0,1.0,5.0,0.001805,0.09113311767578125,5000.0,5.0,1.0,5.0,0.001806,0.09113311767578125,5000.0,5.0,1.0,4.0,0.003637,0.09113311767578125,5000.0,5.0,1.0,5.0,5.0,15.0,0.25,0.20454545454545453
5.0,0.001754,0.09113311767578125,5000.0,5.0,1.0,5.0,0.001755,0.09113311767578125,5000.0,5.0,1.0,5.0,0.001754,0.09113311767578125,5000.0,5.0,1.0,5.0,0.001755,0.09113311767578125,5000.0,5.0,1.0,4.0,0.003586,0.09113311767578125,5000.0,5.0,1.0,5.0,5.0,6.0,0.45454545454545453,3,5.0,0.001823,0.09113311767578125,5000.0,5.0,1.0,5.0,0.001824,0.09113311767578125,5000.0,5.0,1.0,5.0,0.001824,0.09113311767578125,5000.0,5.0,1.0,5.0,0.001824,0.09113311767578125,5000.0,5.0,1.0,4.0,0.003655,0.09113311767578125,5000.0,5.0,1.0,5.0,5.0,15.0,0.25,0.20454545454545453
5.0,0.001754,0.09113311767578125,5000.0,5.0,1.0,5.0,0.001755,0.09113311767578125,5000.0,5.0,1.0,5.0,0.001754,0.09113311767578125,5000.0,5.0,1.0,5.0,0.001755,0.09113311767578125,5000.0,5.0,1.0,4.0,0.003586,0.09113311767578125,5000.0,5.0,1.0,5.0,5.0,6.0,0.45454545454545453,4,5.0,0.001842,0.09113311767578125,5000.0,5.0,1.0,5.0,0.001843,0.09113311767578125,5000.0,5.0,1.0,5.0,0.001842,0.09113311767578125,5000.0,5.0,1.0,5.0,0.001843,0.09113311767578125,5000.0,5.0,1.0,4.0,0.003674,0.09113311767578125,5000.0,5.0,1.0,5.0,5.0,15.0,0.25,0.20454545454545453
5.0,0.001862,0.09113311767578125,5000.0,5.0,1.0,5.0,0.001863,0.09113311767578125,5000.0,5.0,1.0,5.0,0.001863,0.09113311767578125,5000.0,5.0,1.0,5.0,0.001864,0.09113311767578125,5000.0,5.0,1.0,4.0,0.003691,0.09113311767578125,5000.0,5.0,1.0,5.0,5.0,6.0,0.45454545454545453,0,5.0,0.001878,0.09113311767578125,5000.0,5.0,1.0,5.0,0.001878,0.09113311767578125,5000.0,5.0,1.0,5.0,0.001878,0.09113311767578125,5000.0,5.0,1.0,5.0,0.001879,0.09113311767578125,5000.0,5.0,1.0,4.0,0.003707,0.09113311767578125,5000.0,5.0,1.0,5.0,5.0,15.0,0.25,0.20454545454545453
5.0,0.001862,0.09113311767578125,5000.0,5.0,1.0,5.0,0.001863,0.09113311767578125,5000.0,5.0,1.0,5.0,0.001863,0.09113311767578125,5000.0,5.0,1.0,5.0,0.001864,0.09113311767578125,5000.0,5.0,1.0,4.0,0.003691,0.09113311767578125,5000.0,5.0,1.0,5.0,5.0,6.0,0.45454545454545453,1,5.0,0.001896,0.09113311767578125,5000.0,5.0,1.0,5.0,0.001897,0.09113311767578125,5000.0,5.0,1.0,5.0,0.001897,0.09113311767578125,5000.0,5.0,1.0,5.0,0.001897,0.09113311767578125,5000.0,5.0,1.0,4.0,0.003725,0.09113311767578125,5000.0,5.0,1.0,5.0,5.0,15.0,0.25,0.20454545454545453
5.0,0.001862,0.09113311767578125,5000.0,5.0,1.0,5.0,0.001863,0.09113311767578125,5000.0,5.0,1.0,5.0,0.001863,0.09113311767578125,5000.0,5.0,1.0,5.0,0.001864,0.09113311767578125,5000.0,5.0,1.0,4.0,0.003691,0.09113311767578125,5000.0,5.0,1.0,5.0,5.0,6.0,0.45454545454545453,2,5.0,0.001914,0.09113311767578125,5000.0,5.0,1.0,5.0,0.001915,0.09113311767578125,5000.0,5.0,1.0,5.0,0.001915,0.09113311767578125,5000.0,5.0,1.0,5.0,0.001916,0.09113311767578125,5000.0,5.0,1.0,4.0,0.003743,0.09113311767578125,5000.0,5.0,1.0,5.0,5.0,15.0,0.25,0.20454545454545453
5.0,0.001862,0.09113311767578125,5000.0,5.0,1.0,5.0,0.001863,0.09113311767578125,5000.0,5.0,1.0,5.0,0.001863,0.09113311767578125,5000.0,5.0,1.0,5.0,0.001864,0.09113311767578125,5000.0,5.0,1.0,4.0,0.003691,0.09113311767578125,5000.0,5.0,1.0,5.0,5.0,6.0,0.45454545454545453,3,5.0,0.001933,0.09113311767578125,5000.0,5.0,1.0,5.0,0.001934,0.09113311767578125,5000.0,5.0,1.0,5.0,0.001934,0.09113311767578125,5000.0,5.0,1.0,5.0,0.001934,0.09113311767578125,5000.0,5.0,1.0,4.0,0.003762,0.09113311767578125,5000.0,5.0,1.0,5.0,5.0,15.0,0.25,0.20454545454545453
5.0,0.001862,0.09113311767578125,5000.0,5.0,1.0,5.0,0.001863,0.09113311767578125,5000.0,5.0,1.0,5.0,0.001863,0.09113311767578125,5000.0,5.0,1.0,5.0,0.001864,0.09113311767578125,5000.0,5.0,1.0,4.0,0.003691,0.09113311767578125,5000.0,5.0,1.0,5.0,5.0,6.0,0.45454545454545453,4,5.0,0.001951,0.09113311767578125,5000.0,5.0,1.0,5.0,0.001952,0.09113311767578125,5000.0,5.0,1.0,5.0,0.001952,0.09113311767578125,5000.0,5.0,1.0,5.0,0.001952,0.09113311767578125,5000.0,5.0,1.0,4.0,0.00378,0.09113311767578125,5000.0,5.0,1.0,5.0,5.0,15.0,0.25,0.20454545454545453
5.0,0.001971,0.09113311767578125,5000.0,5.0,1.0,5.0,0.001973,0.09113311767578125,5000.0,5.0,1.0,5.0,0.001972,0.09113311767578125,5000.0,5.0,1.0,5.0,0.001973,0.09113311767578125,5000.0,5.0,1.0,5.0,0.003798,0.09113311767578125,5000.0,5.0,1.0,5.0,5.0,6.0,0.45454545454545453,0,5.0,0.001986,0.09113311767578125,5000.0,5.0,1.0,5.0,0.001987,0.09113311767578125,5000.0,5.0,1.0,5.0,0.001987,0.09113311767578125,5000.0,5.0,1.0,5.0,0.001988,0.09113311767578125,5000.0,5.0,1.0,5.0,0.003812,0.09113311767578125,5000.0,5.0,1.0,5.0,5.0,15.0,0.25,0.20454545454545453
5.0,0.001971,0.09113311767578125,5000.0,5.0,1.0,5.0,0.001973,0.09113311767578125,5000.0,5.0,1.0,5.0,0.001972,0.09113311767578125,5000.0,5.0,1.0,5.0,0.001973,0.09113311767578125,5000.0,5.0,1.0,5.0,0.003798,0.09113311767578125,5000.0,5.0,1.0,5.0,5.0,6.0,0.45454545454545453,1,5.0,0.002004,0.09113311767578125,5000.0,5.0,1.0,5.0,0.002005,0.09113311767578125,5000.0,5.0,1.0,5.0,0.002005,0.09113311767578125,5000.0,5.0,1.0,5.0,0.002006,0.09113311767578125,5000.0,5.0,1.0,5.0,0.00383,0.09113311767578125,5000.0,5.0,1.0,5.0,5.0,15.0,0.25,0.20454545454545453
5.0,0.001971,0.09113311767578125,5000.0,5.0,1.0,5.0,0.001973,0.09113311767578125,5000.0,5.0,1.0,5.0,0.001972,0.09113311767578125,5000.0,5.0,1.0,5.0,0.001973,0.09113311767578125,5000.0,5.0,1.0,5.0,0.003798,0.09113311767578125,5000.0,5.0,1.0,5.0,5.0,6.0,0.45454545454545453,2,5.0,0.002022,0.09113311767578125,5000.0,5.0,1.0,5.0,0.002023,0.09113311767578125,5000.0,5.0,1.0,5.0,0.002023,0.09113311767578125,5000.0,5.0,1.0,5.0,0.002023,0.09113311767578125,5000.0,5.0,1.0,5.0,0.003848,0.09113311767578125,5000.0,5.0,1.0,5.0,5.0,15.0,0.25,0.20454545454545453
5.0,0.001971,0.09113311767578125,5000.0,5.0,1.0,5.0,0.001973,0.09113311767578125,5000.0,5.0,1.0,5.0,0.001972,0.09113311767578125,5000.0,5.0,1.0,5.0,0.001973,0.09113311767578125,5000.0,5.0,1.0,5.0,0.003798,0.09113311767578125,5000.0,5.0,1.0,5.0,5.0,6.0,0.45454545454545453,3,5.0,0.00204,0.09113311767578125,5000.0,5.0,1.0,5.0,0.002041,0.09113311767578125,5000.0,5.0,1.0,5.0,0.00204,0.09113311767578125,5000.0,5.0,1.0,5.0,0.002041,0.09113311767578125,5000.0,5.0,1.0,5.0,0.003866,0.09113311767578125,5000.0,5.0,1.0,5.0,5.0,15.0,0.25,0.20454545454545453
5.0,0.001971,0.09113311767578125,5000.0,5.0,1.0,5.0,0.001973,0.09113311767578125,5000.0,5.0,1.0,5.0,0.001972,0.09113311767578125,5000.0,5.0,1.0,5.0,0.001973,0.09113311767578125,5000.0,5.0,1.0,5.0,0.003798,0.09113311767578125,5000.0,5.0,1.0,5.0,5.0,6.0,0.45454545454545453,4,5.0,0.002057,0.09113311767578125,5000.0,5.0,1.0,5.0,0.002058,0.09113311767578125,5000.0,5.0,1.0,5.0,0.002058,0.09113311767578125,5000.0,5.0,1.0,5.0,0.002059,0.09113311767578125,5000.0,5.0,1.0,5.0,0.003883,0.09113311767578125,5000.0,5.0,1.0,5.0,5.0,15.0,0.25,0.20454545454545453
5.0,0.002077,0.09113311767578125,5000.0,5.0,1.0,5.0,0.002078,0.09113311767578125,5000.0,5.0,1.0,5.0,0.002078,0.09113311767578125,5000.0,5.0,1.0,5.0,0.002078,0.09113311767578125,5000.0,5.0,1.0,5.0,0.003901,0.09113311767578125,5000.0,5.0,1.0,5.0,5.0,6.0,0.45454545454545453,0,5.0,0.002092,0.09113311767578125,5000.0,5.0,1.0,5.0,0.002093,0.09113311767578125,5000.0,5.0,1.0,5.0,0.002093,0.09113311767578125,5000.0,5.0,1.0,5.0,0.002093,0.09113311767578125,5000.0,5.0,1.0,5.0,0.003916,0.09113311767578125,5000.0,5.0,1.0,5.0,5.0,15.0,0.25,0.20454545454545453
5.0,0.002077,0.09113311767578125,5000.0,5.0,1.0,5.0,0.002078,0.09113311767578125,5000.0,5.0,1.0,5.0,0.002078,0.09113311767578125,5000.0,5.0,1.0,5.0,0.002078,0.09113311767578125,5000.0,5.0,1.0,5.0,0.003901,0.09113311767578125,5000.0,5.0,1.0,5.0,5.0,6.0,0.45454545454545453,1,5.0,0.00211,0.09113311767578125,5000.0,5.0,1.0,5.0,0.002111,0.09113311767578125,5000.0,5.0,1.0,5.0,0.002111,0.09113311767578125,5000.0,5.0,1.0,5.0,0.002111,0.09113311767578125,5000.0,5.0,1.0,5.0,0.003934,0.09113311767578125,5000.0,5.0,1.0,5.0,5.0,15.0,0.25,0.20454545454545453
5.0,0.002077,0.09113311767578125,5000.0,5.0,1.0,5.0,0.002078,0.09113311767578125,5000.0,5.0,1.0,5.0,0.002078,0.09113311767578125,5000.0,5.0,1.0,5.0,0.002078,0.09113311767578125,5000.0,5.0,1.0,5.0,0.003901,0.09113311767578125,5000.0,5.0,1.0,5.0,5.0,6.0,0.45454545454545453,2,5.0,0.002128,0.09113311767578125,5000.0,5.0,1.0,5.0,0.002129,0.09113311767578125,5000.0,5.0,1.0,5.0,0.002128,0.09113311767578125,5000.0,5.0,1.0,5.0,0.002129,0.09113311767578125,5000.0,5.0,1.0,5.0,0.003952,0.09113311767578125,5000.0,5.0,1.0,5.0,5.0,15.0,0.25,0.20454545454545453
5.0,0.002077,0.09113311767578125,5000.0,5.0,1.0,5.0,0.002078,0.09113311767578125,5000.0,5.0,1.0,5.0,0.002078,0.09113311767578125,5000.0,5.0,1.0,5.0,0.002078,0.09113311767578125,5000.0,5.0,1.0,5.0,0.003901,0.09113311767578125,5000.0,5.0,1.0,5.0,5.0,6.0,0.45454545454545453,3,5.0,0.002146,0.09113311767578125,5000.0,5.0,1.0,5.0,0.002146,0.09113311767578125,5000.0,5.0,1.0,5.0,0.002146,0.09113311767578125,5000.0,5.0,1.0,5.0,0.002147,0.09113311767578125,5000.0,5.0,1.0,5.0,0.003969,0.09113311767578125,5000.0,5.0,1.0,5.0,5.0,15.0,0.25,0.20454545454545453
5.0,0.002077,0.09113311767578125,5000.0,5.0,1.0,5.0,0.002078,0.09113311767578125,5000.0,5.0,1.0,5.0,0.002078,0.09113311767578125,5000.0,5.0,1.0,5.0,0.002078,0.09113311767578125,5000.0,5.0,1.0,5.0,0.003901,0.09113311767578125,5000.0,5.0,1.0,5.0,5.0,6.0,0.45454545454545453,4,5.0,0.002163,0.09113311767578125,5000.0,5.0,1.0,5.0,0.002164,0.09113311767578125,5000.0,5.0,1.0,5.0,0.002164,0.09113311767578125,5000.0,5.0,1.0,5.0,0.002165,0.09113311767578125,5000.0,5.0,1.0,5.0,0.003987,0.09113311767578125,5000.0,5.0,1.0,5.0,5.0,15.0,0.25,0.20454545454545453
5.0,0.002183,0.09113311767578125,5000.0,5.0,1.0,5.0,0.002184,0.09113311767578125,5000.0,5.0,1.0,5.0,0.002184,0.09113311767578125,5000.0,5.0,1.0,5.0,0.002184,0.09113311767578125,5000.0,5.0,1.0,4.0,0.004004,0.09113311767578125,5000.0,5.0,1.0,5.0,5.0,6.0,0.45454545454545453,0,5.0,0.002198,0.09113311767578125,5000.0,5.0,1.0,5.0,0.002199,0.09113311767578125,5000.0,5.0,1.0,5.0,0.002199,0.09113311767578125,5000.0,5.0,1.0,5.0,0.002199,0.09113311767578125,5000.0,5.0,1.0,4.0,0.004019,0.09113311767578125,5000.0,5.0,1.0,5.0,5.0,15.0,0.25,0.20454545454545453
5.0,0.002183,0.09113311767578125,5000.0,5.0,1.0,5.0,0.002184,0.09113311767578125,5000.0,5.0,1.0,5.0,0.002184,0.09113311767578125,5000.0,5.0,1.0,5.0,0.002184,0.09113311767578125,5000.0,5.0,1.0,4.0,0.004004,0.09113311767578125,5000.0,5.0,1.0,5.0,5.0,6.0,0.45454545454545453,1,5.0,0.002216,0.09113311767578125,5000.0,5.0,1.0,5.0,0.002217,0.09113311767578125,5000.0,5.0,1.0,5.0,0.002216,0.09113311767578125,5000.0,5.0,1.0,5.0,0.002217,0.09113311767578125,5000.0,5.0,1.0,4.0,0.004037,0.09113311767578125,5000.0,5.0,1.0,5.0,5.0,15.0,0.25,0.20454545454545453
5.0,0.002183,0.09113311767578125,5000.0,5.0,1.0,5.0,0.002184,0.09113311767578125,5000.0,5.0,1.0,5.0,0.002184,0.09113311767578125,5000.0,5.0,1.0,5.0,0.002184,0.09113311767578125,5000.0,5.0,1.0,4.0,0.004004,0.09113311767578125,5000.0,5.0,1.0,5.0,5.0,6.0,0.45454545454545453,2,5.0,0.002233,0.09113311767578125,5000.0,5.0,1.0,5.0,0.002234,0.09113311767578125,5000.0,5.0,1.0,5.0,0.002234,0.09113311767578125,5000.0,5.0,1.0,5.0,0.002235,0.09113311767578125,5000.0,5.0,1.0,4.0,0.004054,0.09113311767578125,5000.0,5.0,1.0,5.0,5.0,15.0,0.25,0.20454545454545453
5.0,0.002183,0.09113311767578125,5000.0,5.0,1.0,5.0,0.002184,0.09113311767578125,5000.0,5.0,1.0,5.0,0.002184,0.09113311767578125,5000.0,5.0,1.0,5.0,0.002184,0.09113311767578125,5000.0,5.0,1.0,4.0,0.004004,0.09113311767578125,5000.0,5.0,1.0,5.0,5.0,6.0,0.45454545454545453,3,5.0,0.002251,0.09113311767578125,5000.0,5.0,1.0,5.0,0.002252,0.09113311767578125,5000.0,5.0,1.0,5.0,0.002252,0.09113311767578125,5000.0,5.0,1.0,5.0,0.002253,0.09113311767578125,5000.0,5.0,1.0,4.0,0.004072,0.09113311767578125,5000.0,5.0,1.0,5.0,5.0,15.0,0.25,0.20454545454545453
5.0,0.002183,0.09113311767578125,5000.0,5.0,1.0,5.0,0.002184,0.09113311767578125,5000.0,5.0,1.0,5.0,0.002184,0.09113311767578125,5000.0,5.0,1.0,5.0,0.002184,0.09113311767578125,5000.0,5.0,1.0,4.0,0.004004,0.09113311767578125,5000.0,5.0,1.0,5.0,5.0,6.0,0.45454545454545453,4,5.0,0.002269,0.09113311767578125,5000.0,5.0,1.0,5.0,0.00227,0.09113311767578125,5000.0,5.0,1.0,5.0,0.002271,0.09113311767578125,5000.0,5.0,1.0,5.0,0.002272,0.09113311767578125,5000.0,5.0,1.0,4.0,0.004092,0.09113311767578125,5000.0,5.0,1.0,5.0,5.0,15.0,0.25,0.20454545454545453
6.0,1.3e-05,0.09113311767578125,5000.0,5.0,1.0,6.0,1.4e-05,0.09113311767578125,5000.0,5.0,1.0,6.0,1.5e-05,0.09113311767578125,5000.0,5.0,1.0,6.0,1.6e-05,0.09113311767578125,5000.0,5.0,1.0,4.0,0.004127,0.09113311767578125,5000.0,5.0,1.0,5.0,5.0,15.0,0.25,0,6.0,9e-05,0.09113311767578125,5000.0,5.0,1.0,6.0,9.1e-05,0.09113311767578125,5000.0,5.0,1.0,6.0,9.2e-05,0.09113311767578125,5000.0,5.0,1.0,6.0,9.3e-05,0.09113311767578125,5000.0,5.0,1.0,4.0,0.004203,0.09113311767578125,5000.0,5.0,1.0,5.0,5.0,15.0,0.25,0.0
6.0,1.3e-05,0.09113311767578125,5000.0,5.0,1.0,6.0,1.4e-05,0.09113311767578125,5000.0,5.0,1.0,6.0,1.5e-05,0.09113311767578125,5000.0,5.0,1.0,6.0,1.6e-05,0.09113311767578125,5000.0,5.0,1.0,4.0,0.004127,0.09113311767578125,5000.0,5.0,1.0,5.0,5.0,15.0,0.25,1,6.0,0.000111,0.09113311767578125,5000.0,5.0,1.0,6.0,0.000112,0.09113311767578125,5000.0,5.0,1.0,6.0,0.000113,0.09113311767578125,5000.0,5.0,1.0,6.0,0.000114,0.09113311767578125,5000.0,5.0,1.0,4.0,0.004225,0.09113311767578125,5000.0,5.0,1.0,5.0,5.0,15.0,0.25,0.0
6.0,1.3e-05,0.09113311767578125,5000.0,5.0,1.0,6.0,1.4e-05,0.09113311767578125,5000.0,5.0,1.0,6.0,1.5e-05,0.09113311767578125,5000.0,5.0,1.0,6.0,1.6e-05,0.09113311767578125,5000.0,5.0,1.0,4.0,0.004127,0.09113311767578125,5000.0,5.0,1.0,5.0,5.0,15.0,0.25,2,6.0,0.000131,0.09113311767578125,5000.0,5.0,1.0,6.0,0.000132,0.09113311767578125,5000.0,5.0,1.0,6.0,0.000133,0.09113311767578125,5000.0,5.0,1.0,6.0,0.000134,0.09113311767578125,5000.0,5.0,1.0,4.0,0.004244,0.09113311767578125,5000.0,5.0,1.0,5.0,5.0,15.0,0.25,0.0
6.0,1.3e-05,0.09113311767578125,5000.0,5.0,1.0,6.0,1.4e-05,0.09113311767578125,5000.0,5.0,1.0,6.0,1.5e-05,0.09113311767578125,5000.0,5.0,1.0,6.0,1.6e-05,0.09113311767578125,5000.0,5.0,1.0,4.0,0.004127,0.09113311767578125,5000.0,5.0,1.0,5.0,5.0,15.0,0.25,3,6.0,0.00015,0.09113311767578125,5000.0,5.0,1.0,6.0,0.000151,0.09113311767578125,5000.0,5.0,1.0,6.0,0.000152,0.09113311767578125,5000.0,5.0,1.0,6.0,0.000152,0.09113311767578125,5000.0,5.0,1.0,4.0,0.004263,0.09113311767578125,5000.0,5.0,1.0,5.0,5.0,15.0,0.25,0.0
6.0,1.3e-05,0.09113311767578125,5000.0,5.0,1.0,6.0,1.4e-05,0.09113311767578125,5000.0,5.0,1.0,6.0,1.5e-05,0.09113311767578125,5000.0,5.0,1.0,6.0,1.6e-05,0.09113311767578125,5000.0,5.0,1.0,4.0,0.004127,0.09113311767578125,5000.0,5.0,1.0,5.0,5.0,15.0,0.25,4,6.0,0.000169,0.09113311767578125,5000.0,5.0,1.0,6.0,0.00017,0.09113311767578125,5000.0,5.0,1.0,6.0,0.00017,0.09113311767578125,5000.0,5.0,1.0,6.0,0.000171,0.09113311767578125,5000.0,5.0,1.0,4.0,0.004281,0.09113311767578125,5000.0,5.0,1.0,5.0,5.0,15.0,0.25,0.0
6.0,0.000189,0.09113311767578125,5000.0,5.0,1.0,6.0,0.00019,0.09113311767578125,5000.0,5.0,1.0,6.0,0.000191,0.09113311767578125,5000.0,5.0,1.0,6.0,0.000192,0.09113311767578125,5000.0,5.0,1.0,3.0,0.004459,0.0027608871459960938,500.0,3.0,1.0,5.0,5.0,15.0,0.25,0,6.0,0.00025,0.09113311767578125,5000.0,5.0,1.0,6.0,0.000251,0.09113311767578125,5000.0,5.0,1.0,6.0,0.000251,0.09113311767578125,5000.0,5.0,1.0,6.0,0.000252,0.09113311767578125,5000.0,5.0,1.0,3.0,0.00452,0.0027608871459960938,500.0,3.0,1.0,5.0,5.0,15.0,0.25,0.0
6.0,0.000189,0.09113311767578125,5000.0,5.0,1.0,6.0,0.00019,0.09113311767578125,5000.0,5.0,1.0,6.0,0.000191,0.09113311767578125,5000.0,5.0,1.0,6.0,0.000192,0.09113311767578125,5000.0,5.0,1.0,3.0,0.004459,0.0027608871459960938,500.0,3.0,1.0,5.0,5.0,15.0,0.25,1,6.0,0.000269,0.09113311767578125,5000.0,5.0,1.0,6.0,0.00027,0.09113311767578125,5000.0,5.0,1.0,6.0,0.000271,0.09113311767578125,5000.0,5.0,1.0,6.0,0.000272,0.09113311767578125,5000.0,5.0,1.0,3.0,0.004539,0.0027608871459960938,500.0,3.0,1.0,5.0,5.0,15.0,0.25,0.0
6.0,0.000189,0.09113311767578125,5000.0,5.0,1.0,6.0,0.00019,0.09113311767578125,5000.0,5.0,1.0,6.0,0.000191,0.09113311767578125,5000.0,5.0,1.0,6.0,0.000192,0.09113311767578125,5000.0,5.0,1.0,3.0,0.004459,0.0027608871459960938,500.0,3.0,1.0,5.0,5.0,15.0,0.25,2,6.0,0.000288,0.09113311767578125,5000.0,5.0,1.0,6.0,0.000289,0.09113311767578125,5000.0,5.0,1.0,6.0,0.00029,0.09113311767578125,5000.0,5.0,1.0,6.0,0.00029,0.09113311767578125,5000.0,5.0,1.0,3.0,0.004558,0.0027608871459960938,500.0,3.0,1.0,5.0,5.0,15.0,0.25,0.0
6.0,0.000189,0.09113311767578125,5000.0,5.0,1.0,6.0,0.00019,0.09113311767578125,5000.0,5.0,1.0,6.0,0.000191,0.09113311767578125,5000.0,5.0,1.0,6.0,0.000192,0.09113311767578125,5000.0,5.0,1.0,3.0,0.004459,0.0027608871459960938,500.0,3.0,1.0,5.0,5.0,15.0,0.25,3,6.0,0.000308,0.09113311767578125,5000.0,5.0,1.0,6.0,0.000309,0.09113311767578125,5000.0,5.0,1.0,6.0,0.00031,0.09113311767578125,5000.0,5.0,1.0,6.0,0.00031,0.09113311767578125,5000.0,5.0,1.0,3.0,0.004578,0.0027608871459960938,500.0,3.0,1.0,5.0,5.0,15.0,0.25,0.0
6.0,0.000189,0.09113311767578125,5000.0,5.0,1.0,6.0,0.00019,0.09113311767578125,5000.0,5.0,1.0,6.0,0.000191,0.09113311767578125,5000.0,5.0,1.0,6.0,0.000192,0.09113311767578125,5000.0,5.0,1.0,3.0,0.004459,0.0027608871459960938,500.0,3.0,1.0,5.0,5.0,15.0,0.25,4,6.0,0.000327,0.09113311767578125,5000.0,5.0,1.0,6.0,0.000328,0.09113311767578125,5000.0,5.0,1.0,6.0,0.000328,0.09113311767578125,5000.0,5.0,1.0,6.0,0.000329,0.09113311767578125,5000.0,5.0,1.0,3.0,0.004597,0.0027608871459960938,500.0,3.0,1.0,5.0,5.0,15.0,0.25,0.0
6.0,0.000348,0.09113311767578125,5000.0,5.0,1.0,6.0,0.000349,0.09113311767578125,5000.0,5.0,1.0,6.0,0.00035,0.09113311767578125,5000.0,5.0,1.0,6.0,0.00035,0.09113311767578125,5000.0,5.0,1.0,3.0,0.004614,0.0027608871459960938,500.0,3.0,1.0,5.0,5.0,15.0,0.25,0,6.0,0.000409,0.09113311767578125,5000.0,5.0,1.0,6.0,0.00041,0.09113311767578125,5000.0,5.0,1.0,6.0,0.000411,0.09113311767578125,5000.0,5.0,1.0,6.0,0.000411,0.09113311767578125,5000.0,5.0,1.0,3.0,0.004675,0.0027608871459960938,500.0,3.0,1.0,5.0,5.0,15.0,0.25,0.0
6.0,0.000348,0.09113311767578125,5000.0,5.0,1.0,6.0,0.000349,0.09113311767578125,5000.0,5.0,1.0,6.0,0.00035,0.09113311767578125,5000.0,5.0,1.0,6.0,0.00035,0.09113311767578125,5000.0,5.0,1.0,3.0,0.004614,0.0027608871459960938,500.0,3.0,1.0,5.0,5.0,15.0,0.25,1,6.0,0.000428,0.09113311767578125,5000.0,5.0,1.0,6.0,0.000429,0.09113311767578125,5000.0,5.0,1.0,6.0,0.00043,0.09113311767578125,5000.0,5.0,1.0,6.0,0.000431,0.09113311767578125,5000.0,5.0,1.0,3.0,0.004694,0.0027608871459960938,500.0,3.0,1.0,5.0,5.0,15.0,0.25,0.0
6.0,0.000348,0.09113311767578125,5000.0,5.0,1.0,6.0,0.000349,0.09113311767578125,5000.0,5.0,1.0,6.0,0.00035,0.09113311767578125,5000.0,5.0,1.0,6.0,0.00035,0.09113311767578125,5000.0,5.0,1.0,3.0,0.004614,0.0027608871459960938,500.0,3.0,1.0,5.0,5.0,15.0,0.25,2,6.0,0.000447,0.09113311767578125,5000.0,5.0,1.0,6.0,0.000448,0.09113311767578125,5000.0,5.0,1.0,6.0,0.000449,0.09113311767578125,5000.0,5.0,1.0,6.0,0.00045,0.09113311767578125,5000.0,5.0,1.0,3.0,0.004713,0.0027608871459960938,500.0,3.0,1.0,5.0,5.0,15.0,0.25,0.0
6.0,0.000348,0.09113311767578125,5000.0,5.0,1.0,6.0,0.000349,0.09113311767578125,5000.0,5.0,1.0,6.0,0.00035,0.09113311767578125,5000.0,5.0,1.0,6.0,0.00035,0.09113311767578125,5000.0,5.0,1.0,3.0,0.004614,0.0027608871459960938,500.0,3.0,1.0,5.0,5.0,15.0,0.25,3,6.0,0.000466,0.09113311767578125,5000.0,5.0,1.0,6.0,0.000467,0.09113311767578125,5000.0,5.0,1.0,6.0,0.000468,0.09113311767578125,5000.0,5.0,1.0,6.0,0.000469,0.09113311767578125,5000.0,5.0,1.0,3.0,0.004732,0.0027608871459960938,500.0,3.0,1.0,5.0,5.0,15.0,0.25,0.0
6.0,0.000348,0.09113311767578125,5000.0,5.0,1.0,6.0,0.000349,0.09113311767578125,5000.0,5.0,1.0,6.0,0.00035,0.09113311767578125,5000.0,5.0,1.0,6.0,0.00035,0.09113311767578125,5000.0,5.0,1.0,3.0,0.004614,0.0027608871459960938,500.0,3.0,1.0,5.0,5.0,15.0,0.25,4,6.0,0.000486,0.09113311767578125,5000.0,5.0,1.0,6.0,0.000487,0.09113311767578125,5000.0,5.0,1.0,6.0,0.000488,0.09113311767578125,5000.0,5.0,1.0,6.0,0.000488,0.09113311767578125,5000.0,5.0,1.0,3.0,0.004752,0.0027608871459960938,500.0,3.0,1.0,5.0,5.0,15.0,0.25,0.0
6.0,0.000507,0.09113311767578125,5000.0,5.0,1.0,6.0,0.000508,0.09113311767578125,5000.0,5.0,1.0,6.0,0.000509,0.09113311767578125,5000.0,5.0,1.0,6.0,0.000509,0.09113311767578125,5000.0,5.0,1.0,4.0,0.004655,0.0027608871459960938,500.0,3.0,1.0,5.0,5.0,15.0,0.25,0,6.0,0.000566,0.09113311767578125,5000.0,5.0,1.0,6.0,0.000567,0.09113311767578125,5000.0,5.0,1.0,6.0,0.000568,0.09113311767578125,5000.0,5.0,1.0,6.0,0.000569,0.09113311767578125,5000.0,5.0,1.0,4.0,0.004714,0.0027608871459960938,500.0,3.0,1.0,5.0,5.0,15.0,0.25,0.0
6.0,0.000507,0.09113311767578125,5000.0,5.0,1.0,6.0,0.000508,0.09113311767578125,5000.0,5.0,1.0,6.0,0.000509,0.09113311767578125,5000.0,5.0,1.0,6.0,0.000509,0.09113311767578125,5000.0,5.0,1.0,4.0,0.004655,0.0027608871459960938,500.0,3.0,1.0,5.0,5.0,15.0,0.25,1,6.0,0.000586,0.09113311767578125,5000.0,5.0,1.0,6.0,0.000587,0.09113311767578125,5000.0,5.0,1.0,6.0,0.000588,0.09113311767578125,5000.0,5.0,1.0,6.0,0.000588,0.09113311767578125,5000.0,5.0,1.0,4.0,0.004734,0.0027608871459960938,500.0,3.0,1.0,5.0,5.0,15.0,0.25,0.0
6.0,0.000507,0.09113311767578125,5000.0,5.0,1.0,6.0,0.000508,0.09113311767578125,5000.0,5.0,1.0,6.0,0.000509,0.09113311767578125,5000.0,5.0,1.0,6.0,0.000509,0.09113311767578125,5000.0,5.0,1.0,4.0,0.004655,0.0027608871459960938,500.0,3.0,1.0,5.0,5.0,15.0,0.25,2,6.0,0.000605,0.09113311767578125,5000.0,5.0,1.0,6.0,0.000606,0.09113311767578125,5000.0,5.0,1.0,6.0,0.000606,0.09113311767578125,5000.0,5.0,1.0,6.0,0.000607,0.09113311767578125,5000.0,5.0,1.0,4.0,0.004753,0.0027608871459960938,500.0,3.0,1.0,5.0,5.0,15.0,0.25,0.0
6.0,0.000507,0.09113311767578125,5000.0,5.0,1.0,6.0,0.000508,0.09113311767578125,5000.0,5.0,1.0,6.0,0.000509,0.09113311767578125,5000.0,5.0,1.0,6.0,0.000509,0.09113311767578125,5000.0,5.0,1.0,4.0,0.004655,0.0027608871459960938,500.0,3.0,1.0,5.0,5.0,15.0,0.25,3,6.0,0.000624,0.09113311767578125,5000.0,5.0,1.0,6.0,0.000625,0.09113311767578125,5000.0,5.0,1.0,6.0,0.000625,0.09113311767578125,5000.0,5.0,1.0,6.0,0.000626,0.09113311767578125,5000.0,5.0,1.0,4.0,0.004772,0.0027608871459960938,500.0,3.0,1.0,5.0,5.0,15.0,0.25,0.0
6.0,0.000507,0.09113311767578125,5000.0,5.0,1.0,6.0,0.000508,0.09113311767578125,5000.0,5.0,1.0,6.0,0.000509,0.09113311767578125,5000.0,5.0,1.0,6.0,0.000509,0.09113311767578125,5000.0,5.0,1.0,4.0,0.004655,0.0027608871459960938,500.0,3.0,1.0,5.0,5.0,15.0,0.25,4,6.0,0.000643,0.09113311767578125,5000.0,5.0,1.0,6.0,0.000644,0.09113311767578125,5000.0,5.0,1.0,6.0,0.000644,0.09113311767578125,5000.0,5.0,1.0,6.0,0.000645,0.09113311767578125,5000.0,5.0,1.0,4.0,0.00479,0.0027608871459960938,500.0,3.0,1.0,5.0,5.0,15.0,0.25,0.0
6.0,0.000663,0.09113311767578125,5000.0,5.0,1.0,6.0,0.000664,0.09113311767578125,5000.0,5.0,1.0,6.0,0.000665,0.09113311767578125,5000.0,5.0,1.0,6.0,0.000666,0.09113311767578125,5000.0,5.0,1.0,4.0,0.004808,0.0027608871459960938,500.0,3.0,1.0,5.0,5.0,15.0,0.25,0,6.0,0.000722,0.09113311767578125,5000.0,5.0,1.0,6.0,0.000723,0.09113311767578125,5000.0,5.0,1.0,6.0,0.000724,0.09113311767578125,5000.0,5.0,1.0,6.0,0.000724,0.09113311767578125,5000.0,5.0,1.0,4.0,0.004867,0.0027608871459960938,500.0,3.0,1.0,5.0,5.0,15.0,0.25,0.0
6.0,0.000663,0.09113311767578125,5000.0,5.0,1.0,6.0,0.000664,0.09113311767578125,5000.0,5.0,1.0,6.0,0.000665,0.09113311767578125,5000.0,5.0,1.0,6.0,0.000666,0.09113311767578125,5000.0,5.0,1.0,4.0,0.004808,0.0027608871459960938,500.0,3.0,1.0,5.0,5.0,15.0,0.25,1,6.0,0.000742,0.09113311767578125,5000.0,5.0,1.0,6.0,0.000743,0.09113311767578125,5000.0,5.0,1.0,6.0,0.000743,0.09113311767578125,5000.0,5.0,1.0,6.0,0.000744,0.09113311767578125,5000.0,5.0,1.0,4.0,0.004887,0.0027608871459960938,500.0,3.0,1.0,5.0,5.0,15.0,0.25,0.0
6.0,0.000663,0.09113311767578125,5000.0,5.0,1.0,6.0,0.000664,0.09113311767578125,5000.0,5.0,1.0,6.0,0.000665,0.09113311767578125,5000.0,5.0,1.0,6.0,0.000666,0.09113311767578125,5000.0,5.0,1.0,4.0,0.004808,0.0027608871459960938,500.0,3.0,1.0,5.0,5.0,15.0,0.25,2,6.0,0.000761,0.09113311767578125,5000.0,5.0,1.0,6.0,0.000762,0.09113311767578125,5000.0,5.0,1.0,6.0,0.000762,0.09113311767578125,5000.0,5.0,1.0,6.0,0.000763,0.09113311767578125,5000.0,5.0,1.0,4.0,0.004906,0.0027608871459960938,500.0,3.0,1.0,5.0,5.0,15.0,0.25,0.0
6.0,0.000663,0.09113311767578125,5000.0,5.0,1.0,6.0,0.000664,0.09113311767578125,5000.0,5.0,1.0,6.0,0.000665,0.09113311767578125,5000.0,5.0,1.0,6.0,0.000666,0.09113311767578125,5000.0,5.0,1.0,4.0,0.004808,0.0027608871459960938,500.0,3.0,1.0,5.0,5.0,15.0,0.25,3,6.0,0.000779,0.09113311767578125,5000.0,5.0,1.0,6.0,0.00078,0.09113311767578125,5000.0,5.0,1.0,6.0,0.000781,0.09113311767578125,5000.0,5.0,1.0,6.0,0.000782,0.09113311767578125,5000.0,5.0,1.0,4.0,0.004924,0.0027608871459960938,500.0,3.0,1.0,5.0,5.0,15.0,0.25,0.0
6.0,0.000663,0.09113311767578125,5000.0,5.0,1.0,6.0,0.000664,0.09113311767578125,5000.0,5.0,1.0,6.0,0.000665,0.09113311767578125,5000.0,5.0,1.0,6.0,0.000666,0.09113311767578125,5000.0,5.0,1.0,4.0,0.004808,0.0027608871459960938,500.0,3.0,1.0,5.0,5.0,15.0,0.25,4,6.0,0.000798,0.09113311767578125,5000.0,5.0,1.0,6.0,0.000799,0.09113311767578125,5000.0,5.0,1.0,6.0,0.0008,0.09113311767578125,5000.0,5.0,1.0,6.0,0.0008,0.09113311767578125,5000.0,5.0,1.0,4.0,0.004943,0.0027608871459960938,500.0,3.0,1.0,5.0,5.0,15.0,0.25,0.0
6.0,0.000819,0.09113311767578125,5000.0,5.0,1.0,6.0,0.00082,0.09113311767578125,5000.0,5.0,1.0,6.0,0.00082,0.09113311767578125,5000.0,5.0,1.0,6.0,0.000821,0.09113311767578125,5000.0,5.0,1.0,4.0,0.004961,0.0027608871459960938,500.0,3.0,1.0,5.0,5.0,15.0,0.25,0,6.0,0.000878,0.09113311767578125,5000.0,5.0,1.0,6.0,0.000879,0.09113311767578125,5000.0,5.0,1.0,6.0,0.000879,0.09113311767578125,5000.0,5.0,1.0,6.0,0.00088,0.09113311767578125,5000.0,5.0,1.0,4.0,0.00502,0.0027608871459960938,500.0,3.0,1.0,5.0,5.0,15.0,0.25,0.0
6.0,0.000819,0.09113311767578125,5000.0,5.0,1.0,6.0,0.00082,0.09113311767578125,5000.0,5.0,1.0,6.0,0.00082,0.09113311767578125,5000.0,5.0,1.0,6.0,0.000821,0.09113311767578125,5000.0,5.0,1.0,4.0,0.004961,0.0027608871459960938,500.0,3.0,1.0,5.0,5.0,15.0,0.25,1,6.0,0.000897,0.09113311767578125,5000.0,5.0,1.0,6.0,0.000898,0.09113311767578125,5000.0,5.0,1.0,6.0,0.000899,0.09113311767578125,5000.0,5.0,1.0,6.0,0.0009,0.09113311767578125,5000.0,5.0,1.0,4.0,0.005039,0.0027608871459960938,500.0,3.0,1.0,5.0,5.0,15.0,0.25,0.0
6.0,0.000819,0.09113311767578125,5000.0,5.0,1.0,6.0,0.00082,0.09113311767578125,5000.0,5.0,1.0,6.0,0.00082,0.09113311767578125,5000.0,5.0,1.0,6.0,0.000821,0.09113311767578125,5000.0,5.0,1.0,4.0,0.004961,0.0027608871459960938,500.0,3.0,1.0,5.0,5.0,15.0,0.25,2,6.0,0.000921,0.09113311767578125,5000.0,5.0,1.0,6.0,0.000922,0.09113311767578125,5000.0,5.0,1.0,6.0,0.000923,0.09113311767578125,5000.0,5.0,1.0,6.0,0.000923,0.09113311767578125,5000.0,5.0,1.0,4.0,0.005063,0.0027608871459960938,500.0,3.0,1.0,5.0,5.0,15.0,0.25,0.0
6.0,0.000819,0.09113311767578125,5000.0,5.0,1.0,6.0,0.00082,0.09113311767578125,5000.0,5.0,1.0,6.0,0.00082,0.09113311767578125,5000.0,5.0,1.0,6.0,0.000821,0.09113311767578125,5000.0,5.0,1.0,4.0,0.004961,0.0027608871459960938,500.0,3.0,1.0,5.0,5.0,15.0,0.25,3,6.0,0.00094,0.09113311767578125,5000.0,5.0,1.0,6.0,0.000941,0.09113311767578125,5000.0,5.0,1.0,6.0,0.000942,0.09113311767578125,5000.0,5.0,1.0,6.0,0.000942,0.09113311767578125,5000.0,5.0,1.0,4.0,0.005082,0.0027608871459960938,500.0,3.0,1.0,5.0,5.0,15.0,0.25,0.0
6.0,0.000819,0.09113311767578125,5000.0,5.0,1.0,6.0,0.00082,0.09113311767578125,5000.0,5.0,1.0,6.0,0.00082,0.09113311767578125,5000.0,5.0,1.0,6.0,0.000821,0.09113311767578125,5000.0,5.0,1.0,4.0,0.004961,0.0027608871459960938,500.0,3.0,1.0,5.0,5.0,15.0,0.25,4,6.0,0.000959,0.09113311767578125,5000.0,5.0,1.0,6.0,0.00096,0.09113311767578125,5000.0,5.0,1.0,6.0,0.00096,0.09113311767578125,5000.0,5.0,1.0,6.0,0.000961,0.09113311767578125,5000.0,5.0,1.0,4.0,0.005101,0.0027608871459960938,500.0,3.0,1.0,5.0,5.0,15.0,0.25,0.0
6.0,0.000979,0.09113311767578125,5000.0,5.0,1.0,6.0,0.00098,0.09113311767578125,5000.0,5.0,1.0,6.0,0.000981,0.09113311767578125,5000.0,5.0,1.0,6.0,0.000982,0.09113311767578125,5000.0,5.0,1.0,4.0,0.005117,0.0027608871459960938,500.0,3.0,1.0,5.0,5.0,15.0,0.25,0,6.0,0.001038,0.09113311767578125,5000.0,5.0,1.0,6.0,0.001039,0.09113311767578125,5000.0,5.0,1.0,6.0,0.00104,0.09113311767578125,5000.0,5.0,1.0,6.0,0.001041,0.09113311767578125,5000.0,5.0,1.0,4.0,0.005176,0.0027608871459960938,500.0,3.0,1.0,5.0,5.0,15.0,0.25,0.0
6.0,0.000979,0.09113311767578125,5000.0,5.0,1.0,6.0,0.00098,0.09113311767578125,5000.0,5.0,1.0,6.0,0.000981,0.09113311767578125,5000.0,5.0,1.0,6.0,0.000982,0.09113311767578125,5000.0,5.0,1.0,4.0,0.005117,0.0027608871459960938,500.0,3.0,1.0,5.0,5.0,15.0,0.25,1,6.0,0.001058,0.09113311767578125,5000.0,5.0,1.0,6.0,0.001059,0.09113311767578125,5000.0,5.0,1.0,6.0,0.001059,0.09113311767578125,5000.0,5.0,1.0,6.0,0.00106,0.09113311767578125,5000.0,5.0,1.0,4.0,0.005196,0.0027608871459960938,500.0,3.0,1.0,5.0,5.0,15.0,0.25,0.0
6.0,0.000979,0.09113311767578125,5000.0,5.0,1.0,6.0,0.00098,0.09113311767578125,5000.0,5.0,1.0,6.0,0.000981,0.09113311767578125,5000.0,5.0,1.0,6.0,0.000982,0.09113311767578125,5000.0,5.0,1.0,4.0,0.005117,0.0027608871459960938,500.0,3.0,1.0,5.0,5.0,15.0,0.25,2,6.0,0.001077,0.09113311767578125,5000.0,5.0,1.0,6.0,0.001077,0.09113311767578125,5000.0,5.0,1.0,6.0,0.001078,0.09113311767578125,5000.0,5.0,1.0,6.0,0.001079,0.09113311767578125,5000.0,5.0,1.0,4.0,0.005214,0.0027608871459960938,500.0,3.0,1.0,5.0,5.0,15.0,0.25,0.0
6.0,0.000979,0.09113311767578125,5000.0,5.0,1.0,6.0,0.00098,0.09113311767578125,5000.0,5.0,1.0,6.0,0.000981,0.09113311767578125,5000.0,5.0,1.0,6.0,0.000982,0.09113311767578125,5000.0,5.0,1.0,4.0,0.005117,0.0027608871459960938,500.0,3.0,1.0,5.0,5.0,15.0,0.25,3,6.0,0.001095,0.09113311767578125,5000.0,5.0,1.0,6.0,0.001096,0.09113311767578125,5000.0,5.0,1.0,6.0,0.001097,0.09113311767578125,5000.0,5.0,1.0,6.0,0.001097,0.09113311767578125,5000.0,5.0,1.0,4.0,0.005233,0.0027608871459960938,500.0,3.0,1.0,5.0,5.0,15.0,0.25,0.0
6.0,0.000979,0.09113311767578125,5000.0,5.0,1.0,6.0,0.00098,0.09113311767578125,5000.0,5.0,1.0,6.0,0.000981,0.09113311767578125,5000.0,5.0,1.0,6.0,0.000982,0.09113311767578125,5000.0,5.0,1.0,4.0,0.005117,0.0027608871459960938,500.0,3.0,1.0,5.0,5.0,15.0,0.25,4,6.0,0.001114,0.09113311767578125,5000.0,5.0,1.0,6.0,0.001115,0.09113311767578125,5000.0,5.0,1.0,6.0,0.001116,0.09113311767578125,5000.0,5.0,1.0,6.0,0.001116,0.09113311767578125,5000.0,5.0,1.0,4.0,0.005252,0.0027608871459960938,500.0,3.0,1.0,5.0,5.0,15.0,0.25,0.0
6.0,0.001134,0.09113311767578125,5000.0,5.0,1.0,6.0,0.001135,0.09113311767578125,5000.0,5.0,1.0,6.0,0.001136,0.09113311767578125,5000.0,5.0,1.0,6.0,0.001137,0.09113311767578125,5000.0,5.0,1.0,4.0,0.005269,0.0027608871459960938,500.0,3.0,1.0,5.0,5.0,15.0,0.25,0,6.0,0.001193,0.09113311767578125,5000.0,5.0,1.0,6.0,0.001194,0.09113311767578125,5000.0,5.0,1.0,6.0,0.001195,0.09113311767578125,5000.0,5.0,1.0,6.0,0.001195,0.09113311767578125,5000.0,5.0,1.0,4.0,0.005328,0.0027608871459960938,500.0,3.0,1.0,5.0,5.0,15.0,0.25,0.0
6.0,0.001134,0.09113311767578125,5000.0,5.0,1.0,6.0,0.001135,0.09113311767578125,5000.0,5.0,1.0,6.0,0.001136,0.09113311767578125,5000.0,5.0,1.0,6.0,0.001137,0.09113311767578125,5000.0,5.0,1.0,4.0,0.005269,0.0027608871459960938,500.0,3.0,1.0,5.0,5.0,15.0,0.25,1,6.0,0.001212,0.09113311767578125,5000.0,5.0,1.0,6.0,0.001213,0.09113311767578125,5000.0,5.0,1.0,6.0,0.001214,0.09113311767578125,5000.0,5.0,1.0,6.0,0.001214,0.09113311767578125,5000.0,5.0,1.0,4.0,0.005347,0.0027608871459960938,500.0,3.0,1.0,5.0,5.0,15.0,0.25,0.0
6.0,0.001134,0.09113311767578125,5000.0,5.0,1.0,6.0,0.001135,0.09113311767578125,5000.0,5.0,1.0,6.0,0.001136,0.09113311767578125,5000.0,5.0,1.0,6.0,0.001137,0.09113311767578125,5000.0,5.0,1.0,4.0,0.005269,0.0027608871459960938,500.0,3.0,1.0,5.0,5.0,15.0,0.25,2,6.0,0.001231,0.09113311767578125,5000.0,5.0,1.0,6.0,0.001232,0.09113311767578125,5000.0,5.0,1.0,6.0,0.001232,0.09113311767578125,5000.0,5.0,1.0,6.0,0.001233,0.09113311767578125,5000.0,5.0,1.0,4.0,0.005366,0.0027608871459960938,500.0,3.0,1.0,5.0,5.0,15.0,0.25,0.0
6.0,0.001134,0.09113311767578125,5000.0,5.0,1.0,6.0,0.001135,0.09113311767578125,5000.0,5.0,1.0,6.0,0.001136,0.09113311767578125,5000.0,5.0,1.0,6.0,0.001137,0.09113311767578125,5000.0,5.0,1.0,4.0,0.005269,0.0027608871459960938,500.0,3.0,1.0,5.0,5.0,15.0,0.25,3,6.0,0.001249,0.09113311767578125,5000.0,5.0,1.0,6.0,0.00125,0.09113311767578125,5000.0,5.0,1.0,6.0,0.001251,0.09113311767578125,5000.0,5.0,1.0,6.0,0.001252,0.09113311767578125,5000.0,5.0,1.0,4.0,0.005384,0.0027608871459960938,500.0,3.0,1.0,5.0,5.0,15.0,0.25,0.0
6.0,0.001134,0.09113311767578125,5000.0,5.0,1.0,6.0,0.001135,0.09113311767578125,5000.0,5.0,1.0,6.0,0.001136,0.09113311767578125,5000.0,5.0,1.0,6.0,0.001137,0.09113311767578125,5000.0,5.0,1.0,4.0,0.005269,0.0027608871459960938,500.0,3.0,1.0,5.0,5.0,15.0,0.25,4,6.0,0.001268,0.09113311767578125,5000.0,5.0,1.0,6.0,0.001269,0.09113311767578125,5000.0,5.0,1.0,6.0,0.00127,0.09113311767578125,5000.0,5.0,1.0,6.0,0.00127,0.09113311767578125,5000.0,5.0,1.0,4.0,0.005403,0.0027608871459960938,500.0,3.0,1.0,5.0,5.0,15.0,0.25,0.0
6.0,0.001289,0.09113311767578125,5000.0,5.0,1.0,6.0,0.00129,0.09113311767578125,5000.0,5.0,1.0,6.0,0.00129,0.09113311767578125,5000.0,5.0,1.0,6.0,0.001291,0.09113311767578125,5000.0,5.0,1.0,4.0,0.00542,0.0027608871459960938,500.0,3.0,1.0,5.0,5.0,15.0,0.25,0,6.0,0.001354,0.09113311767578125,5000.0,5.0,1.0,6.0,0.001355,0.09113311767578125,5000.0,5.0,1.0,6.0,0.001356,0.09113311767578125,5000.0,5.0,1.0,6.0,0.001357,0.09113311767578125,5000.0,5.0,1.0,4.0,0.005487,0.0027608871459960938,500.0,3.0,1.0,5.0,5.0,15.0,0.25,0.0
6.0,0.001289,0.09113311767578125,5000.0,5.0,1.0,6.0,0.00129,0.09113311767578125,5000.0,5.0,1.0,6.0,0.00129,0.09113311767578125,5000.0,5.0,1.0,6.0,0.001291,0.09113311767578125,5000.0,5.0,1.0,4.0,0.00542,0.0027608871459960938,500.0,3.0,1.0,5.0,5.0,15.0,0.25,1,6.0,0.001374,0.09113311767578125,5000.0,5.0,1.0,6.0,0.001375,0.09113311767578125,5000.0,5.0,1.0,6.0,0.001376,0.09113311767578125,5000.0,5.0,1.0,6.0,0.001376,0.09113311767578125,5000.0,5.0,1.0,4.0,0.005506,0.0027608871459960938,500.0,3.0,1.0,5.0,5.0,15.0,0.25,0.0
6.0,0.001289,0.09113311767578125,5000.0,5.0,1.0,6.0,0.00129,0.09113311767578125,5000.0,5.0,1.0,6.0,0.00129,0.09113311767578125,5000.0,5.0,1.0,6.0,0.001291,0.09113311767578125,5000.0,5.0,1.0,4.0,0.00542,0.0027608871459960938,500.0,3.0,1.0,5.0,5.0,15.0,0.25,2,6.0,0.001393,0.09113311767578125,5000.0,5.0,1.0,6.0,0.001394,0.09113311767578125,5000.0,5.0,1.0,6.0,0.001395,0.09113311767578125,5000.0,5.0,1.0,6.0,0.001396,0.09113311767578125,5000.0,5.0,1.0,4.0,0.005525,0.0027608871459960938,500.0,3.0,1.0,5.0,5.0,15.0,0.25,0.0
6.0,0.001289,0.09113311767578125,5000.0,5.0,1.0,6.0,0.00129,0.09113311767578125,5000.0,5.0,1.0,6.0,0.00129,0.09113311767578125,5000.0,5.0,1.0,6.0,0.001291,0.09113311767578125,5000.0,5.0,1.0,4.0,0.00542,0.0027608871459960938,500.0,3.0,1.0,5.0,5.0,15.0,0.25,3,6.0,0.001412,0.09113311767578125,5000.0,5.0,1.0,6.0,0.001413,0.09113311767578125,5000.0,5.0,1.0,6.0,0.001414,0.09113311767578125,5000.0,5.0,1.0,6.0,0.001415,0.09113311767578125,5000.0,5.0,1.0,4.0,0.005544,0.0027608871459960938,500.0,3.0,1.0,5.0,5.0,15.0,0.25,0.0
6.0,0.001289,0.09113311767578125,5000.0,5.0,1.0,6.0,0.00129,0.09113311767578125,5000.0,5.0,1.0,6.0,0.00129,0.09113311767578125,5000.0,5.0,1.0,6.0,0.001291,0.09113311767578125,5000.0,5.0,1.0,4.0,0.00542,0.0027608871459960938,500.0,3.0,1.0,5.0,5.0,15.0,0.25,4,6.0,0.001431,0.09113311767578125,5000.0,5.0,1.0,6.0,0.001432,0.09113311767578125,5000.0,5.0,1.0,6.0,0.001433,0.09113311767578125,5000.0,5.0,1.0,6.0,0.001434,0.09113311767578125,5000.0,5.0,1.0,4.0,0.005563,0.0027608871459960938,500.0,3.0,1.0,5.0,5.0,15.0,0.25,0.0
6.0,0.001452,0.09113311767578125,5000.0,5.0,1.0,6.0,0.001454,0.09113311767578125,5000.0,5.0,1.0,6.0,0.001454,0.09113311767578125,5000.0,5.0,1.0,6.0,0.001455,0.09113311767578125,5000.0,5.0,1.0,3.0,0.005699,0.0027608871459960938,500.0,3.0,1.0,5.0,5.0,15.0,0.25,0,6.0,0.001512,0.09113311767578125,5000.0,5.0,1.0,6.0,0.001513,0.09113311767578125,5000.0,5.0,1.0,6.0,0.001513,0.09113311767578125,5000.0,5.0,1.0,6.0,0.001514,0.09113311767578125,5000.0,5.0,1.0,3.0,0.005758,0.0027608871459960938,500.0,3.0,1.0,5.0,5.0,15.0,0.25,0.0
6.0,0.001452,0.09113311767578125,5000.0,5.0,1.0,6.0,0.001454,0.09113311767578125,5000.0,5.0,1.0,6.0,0.001454,0.09113311767578125,5000.0,5.0,1.0,6.0,0.001455,0.09113311767578125,5000.0,5.0,1.0,3.0,0.005699,0.0027608871459960938,500.0,3.0,1.0,5.0,5.0,15.0,0.25,1,6.0,0.001531,0.09113311767578125,5000.0,5.0,1.0,6.0,0.001532,0.09113311767578125,5000.0,5.0,1.0,6.0,0.001533,0.09113311767578125,5000.0,5.0,1.0,6.0,0.001533,0.09113311767578125,5000.0,5.0,1.0,3.0,0.005777,0.0027608871459960938,500.0,3.0,1.0,5.0,5.0,15.0,0.25,0.0
6.0,0.001452,0.09113311767578125,5000.0,5.0,1.0,6.0,0.001454,0.09113311767578125,5000.0,5.0,1.0,6.0,0.001454,0.09113311767578125,5000.0,5.0,1.0,6.0,0.001455,0.09113311767578125,5000.0,5.0,1.0,3.0,0.005699,0.0027608871459960938,500.0,3.0,1.0,5.0,5.0,15.0,0.25,2,6.0,0.001549,0.09113311767578125,5000.0,5.0,1.0,6.0,0.00155,0.09113311767578125,5000.0,5.0,1.0,6.0,0.001551,0.09113311767578125,5000.0,5.0,1.0,6.0,0.001552,0.09113311767578125,5000.0,5.0,1.0,3.0,0.005795,0.0027608871459960938,500.0,3.0,1.0,5.0,5.0,15.0,0.25,0.0
6.0,0.001452,0.09113311767578125,5000.0,5.0,1.0,6.0,0.001454,0.09113311767578125,5000.0,5.0,1.0,6.0,0.001454,0.09113311767578125,5000.0,5.0,1.0,6.0,0.001455,0.09113311767578125,5000.0,5.0,1.0,3.0,0.005699,0.0027608871459960938,500.0,3.0,1.0,5.0,5.0,15.0,0.25,3,6.0,0.001568,0.09113311767578125,5000.0,5.0,1.0,6.0,0.001569,0.09113311767578125,5000.0,5.0,1.0,6.0,0.00157,0.09113311767578125,5000.0,5.0,1.0,6.0,0.001571,0.09113311767578125,5000.0,5.0,1.0,3.0,0.005814,0.0027608871459960938,500.0,3.0,1.0,5.0,5.0,15.0,0.25,0.0
6.0,0.001452,0.09113311767578125,5000.0,5.0,1.0,6.0,0.001454,0.09113311767578125,5000.0,5.0,1.0,6.0,0.001454,0.09113311767578125,5000.0,5.0,1.0,6.0,0.001455,0.09113311767578125,5000.0,5.0,1.0,3.0,0.005699,0.0027608871459960938,500.0,3.0,1.0,5.0,5.0,15.0,0.25,4,6.0,0.001587,0.09113311767578125,5000.0,5.0,1.0,6.0,0.001588,0.09113311767578125,5000.0,5.0,1.0,6.0,0.001589,0.09113311767578125,5000.0,5.0,1.0,6.0,0.001589,0.09113311767578125,5000.0,5.0,1.0,3.0,0.005833,0.0027608871459960938,500.0,3.0,1.0,5.0,5.0,15.0,0.25,0.0
6.0,0.001613,0.09113311767578125,5000.0,5.0,1.0,6.0,0.001614,0.09113311767578125,5000.0,5.0,1.0,6.0,0.001615,0.09113311767578125,5000.0,5.0,1.0,6.0,0.001616,0.09113311767578125,5000.0,5.0,1.0,4.0,0.005856,0.0027608871459960938,500.0,3.0,1.0,5.0,5.0,15.0,0.25,0,6.0,0.001671,0.09113311767578125,5000.0,5.0,1.0,6.0,0.001672,0.09113311767578125,5000.0,5.0,1.0,6.0,0.001673,0.09113311767578125,5000.0,5.0,1.0,6.0,0.001673,0.09113311767578125,5000.0,5.0,1.0,4.0,0.005914,0.0027608871459960938,500.0,3.0,1.0,5.0,5.0,15.0,0.25,0.0
6.0,0.001613,0.09113311767578125,5000.0,5.0,1.0,6.0,0.001614,0.09113311767578125,5000.0,5.0,1.0,6.0,0.001615,0.09113311767578125,5000.0,5.0,1.0,6.0,0.001616,0.09113311767578125,5000.0,5.0,1.0,4.0,0.005856,0.0027608871459960938,500.0,3.0,1.0,5.0,5.0,15.0,0.25,1,6.0,0.001698,0.09113311767578125,5000.0,5.0,1.0,6.0,0.001699,0.09113311767578125,5000.0,5.0,1.0,6.0,0.0017,0.09113311767578125,5000.0,5.0,1.0,6.0,0.001701,0.09113311767578125,5000.0,5.0,1.0,4.0,0.005941,0.0027608871459960938,500.0,3.0,1.0,5.0,5.0,15.0,0.25,0.0
6.0,0.001613,0.09113311767578125,5000.0,5.0,1.0,6.0,0.001614,0.09113311767578125,5000.0,5.0,1.0,6.0,0.001615,0.09113311767578125,5000.0,5.0,1.0,6.0,0.001616,0.09113311767578125,5000.0,5.0,1.0,4.0,0.005856,0.0027608871459960938,500.0,3.0,1.0,5.0,5.0,15.0,0.25,2,6.0,0.001717,0.09113311767578125,5000.0,5.0,1.0,6.0,0.001718,0.09113311767578125,5000.0,5.0,1.0,6.0,0.001719,0.09113311767578125,5000.0,5.0,1.0,6.0,0.001719,0.09113311767578125,5000.0,5.0,1.0,4.0,0.00596,0.0027608871459960938,500.0,3.0,1.0,5.0,5.0,15.0,0.25,0.0
6.0,0.001613,0.09113311767578125,5000.0,5.0,1.0,6.0,0.001614,0.09113311767578125,5000.0,5.0,1.0,6.0,0.001615,0.09113311767578125,5000.0,5.0,1.0,6.0,0.001616,0.09113311767578125,5000.0,5.0,1.0,4.0,0.005856,0.0027608871459960938,500.0,3.0,1.0,5.0,5.0,15.0,0.25,3,6.0,0.001736,0.09113311767578125,5000.0,5.0,1.0,6.0,0.001737,0.09113311767578125,5000.0,5.0,1.0,6.0,0.001738,0.09113311767578125,5000.0,5.0,1.0,6.0,0.001739,0.09113311767578125,5000.0,5.0,1.0,4.0,0.005979,0.0027608871459960938,500.0,3.0,1.0,5.0,5.0,15.0,0.25,0.0
6.0,0.001613,0.09113311767578125,5000.0,5.0,1.0,6.0,0.001614,0.09113311767578125,5000.0,5.0,1.0,6.0,0.001615,0.09113311767578125,5000.0,5.0,1.0,6.0,0.001616,0.09113311767578125,5000.0,5.0,1.0,4.0,0.005856,0.0027608871459960938,500.0,3.0,1.0,5.0,5.0,15.0,0.25,4,6.0,0.001755,0.09113311767578125,5000.0,5.0,1.0,6.0,0.001756,0.09113311767578125,5000.0,5.0,1.0,6.0,0.001757,0.09113311767578125,5000.0,5.0,1.0,6.0,0.001758,0.09113311767578125,5000.0,5.0,1.0,4.0,0.005998,0.0027608871459960938,500.0,3.0,1.0,5.0,5.0,15.0,0.25,0.0
6.0,0.001781,0.09113311767578125,5000.0,5.0,1.0,6.0,0.001782,0.09113311767578125,5000.0,5.0,1.0,6.0,0.001783,0.09113311767578125,5000.0,5.0,1.0,6.0,0.001784,0.09113311767578125,5000.0,5.0,1.0,4.0,0.005908,0.09113311767578125,5000.0,5.0,1.0,5.0,5.0,15.0,0.25,0,6.0,0.00184,0.09113311767578125,5000.0,5.0,1.0,6.0,0.001841,0.09113311767578125,5000.0,5.0,1.0,6.0,0.001842,0.09113311767578125,5000.0,5.0,1.0,6.0,0.001843,0.09113311767578125,5000.0,5.0,1.0,4.0,0.005967,0.09113311767578125,5000.0,5.0,1.0,5.0,5.0,15.0,0.25,0.0
6.0,0.001781,0.09113311767578125,5000.0,5.0,1.0,6.0,0.001782,0.09113311767578125,5000.0,5.0,1.0,6.0,0.001783,0.09113311767578125,5000.0,5.0,1.0,6.0,0.001784,0.09113311767578125,5000.0,5.0,1.0,4.0,0.005908,0.09113311767578125,5000.0,5.0,1.0,5.0,5.0,15.0,0.25,1,6.0,0.001859,0.09113311767578125,5000.0,5.0,1.0,6.0,0.00186,0.09113311767578125,5000.0,5.0,1.0,6.0,0.001861,0.09113311767578125,5000.0,5.0,1.0,6.0,0.001862,0.09113311767578125,5000.0,5.0,1.0,4.0,0.005986,0.09113311767578125,5000.0,5.0,1.0,5.0,5.0,15.0,0.25,0.0
6.0,0.001781,0.09113311767578125,5000.0,5.0,1.0,6.0,0.001782,0.09113311767578125,5000.0,5.0,1.0,6.0,0.001783,0.09113311767578125,5000.0,5.0,1.0,6.0,0.001784,0.09113311767578125,5000.0,5.0,1.0,4.0,0.005908,0.09113311767578125,5000.0,5.0,1.0,5.0,5.0,15.0,0.25,2,6.0,0.001878,0.09113311767578125,5000.0,5.0,1.0,6.0,0.001879,0.09113311767578125,5000.0,5.0,1.0,6.0,0.00188,0.09113311767578125,5000.0,5.0,1.0,6.0,0.001881,0.09113311767578125,5000.0,5.0,1.0,4.0,0.006005,0.09113311767578125,5000.0,5.0,1.0,5.0,5.0,15.0,0.25,0.0
6.0,0.001781,0.09113311767578125,5000.0,5.0,1.0,6.0,0.001782,0.09113311767578125,5000.0,5.0,1.0,6.0,0.001783,0.09113311767578125,5000.0,5.0,1.0,6.0,0.001784,0.09113311767578125,5000.0,5.0,1.0,4.0,0.005908,0.09113311767578125,5000.0,5.0,1.0,5.0,5.0,15.0,0.25,3,6.0,0.001898,0.09113311767578125,5000.0,5.0,1.0,6.0,0.001899,0.09113311767578125,5000.0,5.0,1.0,6.0,0.0019,0.09113311767578125,5000.0,5.0,1.0,6.0,0.0019,0.09113311767578125,5000.0,5.0,1.0,4.0,0.006025,0.09113311767578125,5000.0,5.0,1.0,5.0,5.0,15.0,0.25,0.0
6.0,0.001781,0.09113311767578125,5000.0,5.0,1.0,6.0,0.001782,0.09113311767578125,5000.0,5.0,1.0,6.0,0.001783,0.09113311767578125,5000.0,5.0,1.0,6.0,0.001784,0.09113311767578125,5000.0,5.0,1.0,4.0,0.005908,0.09113311767578125,5000.0,5.0,1.0,5.0,5.0,15.0,0.25,4,6.0,0.001917,0.09113311767578125,5000.0,5.0,1.0,6.0,0.001918,0.09113311767578125,5000.0,5.0,1.0,6.0,0.001919,0.09113311767578125,5000.0,5.0,1.0,6.0,0.001919,0.09113311767578125,5000.0,5.0,1.0,4.0,0.006044,0.09113311767578125,5000.0,5.0,1.0,5.0,5.0,15.0,0.25,0.0
6.0,0.001943,0.09113311767578125,5000.0,5.0,1.0,6.0,0.001944,0.09113311767578125,5000.0,5.0,1.0,6.0,0.001945,0.09113311767578125,5000.0,5.0,1.0,6.0,0.001946,0.09113311767578125,5000.0,5.0,1.0,4.0,0.006067,0.09113311767578125,5000.0,5.0,1.0,5.0,5.0,15.0,0.25,0,6.0,0.002002,0.09113311767578125,5000.0,5.0,1.0,6.0,0.002003,0.09113311767578125,5000.0,5.0,1.0,6.0,0.002004,0.09113311767578125,5000.0,5.0,1.0,6.0,0.002005,0.09113311767578125,5000.0,5.0,1.0,4.0,0.006127,0.09113311767578125,5000.0,5.0,1.0,5.0,5.0,15.0,0.25,0.0
6.0,0.001943,0.09113311767578125,5000.0,5.0,1.0,6.0,0.001944,0.09113311767578125,5000.0,5.0,1.0,6.0,0.001945,0.09113311767578125,5000.0,5.0,1.0,6.0,0.001946,0.09113311767578125,5000.0,5.0,1.0,4.0,0.006067,0.09113311767578125,5000.0,5.0,1.0,5.0,5.0,15.0,0.25,1,6.0,0.002022,0.09113311767578125,5000.0,5.0,1.0,6.0,0.002023,0.09113311767578125,5000.0,5.0,1.0,6.0,0.002023,0.09113311767578125,5000.0,5.0,1.0,6.0,0.002024,0.09113311767578125,5000.0,5.0,1.0,4.0,0.006146,0.09113311767578125,5000.0,5.0,1.0,5.0,5.0,15.0,0.25,0.0
6.0,0.001943,0.09113311767578125,5000.0,5.0,1.0,6.0,0.001944,0.09113311767578125,5000.0,5.0,1.0,6.0,0.001945,0.09113311767578125,5000.0,5.0,1.0,6.0,0.001946,0.09113311767578125,5000.0,5.0,1.0,4.0,0.006067,0.09113311767578125,5000.0,5.0,1.0,5.0,5.0,15.0,0.25,2,6.0,0.002041,0.09113311767578125,5000.0,5.0,1.0,6.0,0.002042,0.09113311767578125,5000.0,5.0,1.0,6.0,0.002042,0.09113311767578125,5000.0,5.0,1.0,6.0,0.002043,0.09113311767578125,5000.0,5.0,1.0,4.0,0.006164,0.09113311767578125,5000.0,5.0,1.0,5.0,5.0,15.0,0.25,0.0
6.0,0.001943,0.09113311767578125,5000.0,5.0,1.0,6.0,0.001944,0.09113311767578125,5000.0,5.0,1.0,6.0,0.001945,0.09113311767578125,5000.0,5.0,1.0,6.0,0.001946,0.09113311767578125,5000.0,5.0,1.0,4.0,0.006067,0.09113311767578125,5000.0,5.0,1.0,5.0,5.0,15.0,0.25,3,6.0,0.002059,0.09113311767578125,5000.0,5.0,1.0,6.0,0.00206,0.09113311767578125,5000.0,5.0,1.0,6.0,0.002061,0.09113311767578125,5000.0,5.0,1.0,6.0,0.002062,0.09113311767578125,5000.0,5.0,1.0,4.0,0.006183,0.09113311767578125,5000.0,5.0,1.0,5.0,5.0,15.0,0.25,0.0
6.0,0.001943,0.09113311767578125,5000.0,5.0,1.0,6.0,0.001944,0.09113311767578125,5000.0,5.0,1.0,6.0,0.001945,0.09113311767578125,5000.0,5.0,1.0,6.0,0.001946,0.09113311767578125,5000.0,5.0,1.0,4.0,0.006067,0.09113311767578125,5000.0,5.0,1.0,5.0,5.0,15.0,0.25,4,6.0,0.002078,0.09113311767578125,5000.0,5.0,1.0,6.0,0.002079,0.09113311767578125,5000.0,5.0,1.0,6.0,0.00208,0.09113311767578125,5000.0,5.0,1.0,6.0,0.002081,0.09113311767578125,5000.0,5.0,1.0,4.0,0.006202,0.09113311767578125,5000.0,5.0,1.0,5.0,5.0,15.0,0.25,0.0
6.0,0.002104,0.09113311767578125,5000.0,5.0,1.0,6.0,0.002105,0.09113311767578125,5000.0,5.0,1.0,6.0,0.002106,0.09113311767578125,5000.0,5.0,1.0,6.0,0.002106,0.09113311767578125,5000.0,5.0,1.0,5.0,0.006225,0.09113311767578125,5000.0,5.0,1.0,5.0,5.0,15.0,0.25,0,6.0,0.002162,0.09113311767578125,5000.0,5.0,1.0,6.0,0.002163,0.09113311767578125,5000.0,5.0,1.0,6.0,0.002164,0.09113311767578125,5000.0,5.0,1.0,6.0,0.002164,0.09113311767578125,5000.0,5.0,1.0,5.0,0.006283,0.09113311767578125,5000.0,5.0,1.0,5.0,5.0,15.0,0.25,0.0
6.0,0.002104,0.09113311767578125,5000.0,5.0,1.0,6.0,0.002105,0.09113311767578125,5000.0,5.0,1.0,6.0,0.002106,0.09113311767578125,5000.0,5.0,1.0,6.0,0.002106,0.09113311767578125,5000.0,5.0,1.0,5.0,0.006225,0.09113311767578125,5000.0,5.0,1.0,5.0,5.0,15.0,0.25,1,6.0,0.002181,0.09113311767578125,5000.0,5.0,1.0,6.0,0.002182,0.09113311767578125,5000.0,5.0,1.0,6.0,0.002183,0.09113311767578125,5000.0,5.0,1.0,6.0,0.002184,0.09113311767578125,5000.0,5.0,1.0,5.0,0.006302,0.09113311767578125,5000.0,5.0,1.0,5.0,5.0,15.0,0.25,0.0
6.0,0.002104,0.09113311767578125,5000.0,5.0,1.0,6.0,0.002105,0.09113311767578125,5000.0,5.0,1.0,6.0,0.002106,0.09113311767578125,5000.0,5.0,1.0,6.0,0.002106,0.09113311767578125,5000.0,5.0,1.0,5.0,0.006225,0.09113311767578125,5000.0,5.0,1.0,5.0,5.0,15.0,0.25,2,6.0,0.0022,0.09113311767578125,5000.0,5.0,1.0,6.0,0.002201,0.09113311767578125,5000.0,5.0,1.0,6.0,0.002202,0.09113311767578125,5000.0,5.0,1.0,6.0,0.002202,0.09113311767578125,5000.0,5.0,1.0,5.0,0.006321,0.09113311767578125,5000.0,5.0,1.0,5.0,5.0,15.0,0.25,0.0
6.0,0.002104,0.09113311767578125,5000.0,5.0,1.0,6.0,0.002105,0.09113311767578125,5000.0,5.0,1.0,6.0,0.002106,0.09113311767578125,5000.0,5.0,1.0,6.0,0.002106,0.09113311767578125,5000.0,5.0,1.0,5.0,0.006225,0.09113311767578125,5000.0,5.0,1.0,5.0,5.0,15.0,0.25,3,6.0,0.002219,0.09113311767578125,5000.0,5.0,1.0,6.0,0.00222,0.09113311767578125,5000.0,5.0,1.0,6.0,0.002221,0.09113311767578125,5000.0,5.0,1.0,6.0,0.002221,0.09113311767578125,5000.0,5.0,1.0,5.0,0.00634,0.09113311767578125,5000.0,5.0,1.0,5.0,5.0,15.0,0.25,0.0
6.0,0.002104,0.09113311767578125,5000.0,5.0,1.0,6.0,0.002105,0.09113311767578125,5000.0,5.0,1.0,6.0,0.002106,0.09113311767578125,5000.0,5.0,1.0,6.0,0.002106,0.09113311767578125,5000.0,5.0,1.0,5.0,0.006225,0.09113311767578125,5000.0,5.0,1.0,5.0,5.0,15.0,0.25,4,6.0,0.002237,0.09113311767578125,5000.0,5.0,1.0,6.0,0.002238,0.09113311767578125,5000.0,5.0,1.0,6.0,0.002239,0.09113311767578125,5000.0,5.0,1.0,6.0,0.00224,0.09113311767578125,5000.0,5.0,1.0,5.0,0.006358,0.09113311767578125,5000.0,5.0,1.0,5.0,5.0,15.0,0.25,0.0
6.0,0.002286,0.09113311767578125,5000.0,5.0,1.0,6.0,0.002287,0.09113311767578125,5000.0,5.0,1.0,6.0,0.002288,0.09113311767578125,5000.0,5.0,1.0,6.0,0.002289,0.09113311767578125,5000.0,5.0,1.0,5.0,0.006405,0.09113311767578125,5000.0,5.0,1.0,5.0,5.0,15.0,0.25,0,6.0,0.002345,0.09113311767578125,5000.0,5.0,1.0,6.0,0.002346,0.09113311767578125,5000.0,5.0,1.0,6.0,0.002347,0.09113311767578125,5000.0,5.0,1.0,6.0,0.002347,0.09113311767578125,5000.0,5.0,1.0,5.0,0.006464,0.09113311767578125,5000.0,5.0,1.0,5.0,5.0,15.0,0.25,0.0
6.0,0.002286,0.09113311767578125,5000.0,5.0,1.0,6.0,0.002287,0.09113311767578125,5000.0,5.0,1.0,6.0,0.002288,0.09113311767578125,5000.0,5.0,1.0,6.0,0.002289,0.09113311767578125,5000.0,5.0,1.0,5.0,0.006405,0.09113311767578125,5000.0,5.0,1.0,5.0,5.0,15.0,0.25,1,6.0,0.002364,0.09113311767578125,5000.0,5.0,1.0,6.0,0.002365,0.09113311767578125,5000.0,5.0,1.0,6.0,0.002366,0.09113311767578125,5000.0,5.0,1.0,6.0,0.002367,0.09113311767578125,5000.0,5.0,1.0,5.0,0.006483,0.09113311767578125,5000.0,5.0,1.0,5.0,5.0,15.0,0.25,0.0
6.0,0.002286,0.09113311767578125,5000.0,5.0,1.0,6.0,0.002287,0.09113311767578125,5000.0,5.0,1.0,6.0,0.002288,0.09113311767578125,5000.0,5.0,1.0,6.0,0.002289,0.09113311767578125,5000.0,5.0,1.0,5.0,0.006405,0.09113311767578125,5000.0,5.0,1.0,5.0,5.0,15.0,0.25,2,6.0,0.002383,0.09113311767578125,5000.0,5.0,1.0,6.0,0.002384,0.09113311767578125,5000.0,5.0,1.0,6.0,0.002385,0.09113311767578125,5000.0,5.0,1.0,6.0,0.002385,0.09113311767578125,5000.0,5.0,1.0,5.0,0.006502,0.09113311767578125,5000.0,5.0,1.0,5.0,5.0,15.0,0.25,0.0
6.0,0.002286,0.09113311767578125,5000.0,5.0,1.0,6.0,0.002287,0.09113311767578125,5000.0,5.0,1.0,6.0,0.002288,0.09113311767578125,5000.0,5.0,1.0,6.0,0.002289,0.09113311767578125,5000.0,5.0,1.0,5.0,0.006405,0.09113311767578125,5000.0,5.0,1.0,5.0,5.0,15.0,0.25,3,6.0,0.002402,0.09113311767578125,5000.0,5.0,1.0,6.0,0.002403,0.09113311767578125,5000.0,5.0,1.0,6.0,0.002403,0.09113311767578125,5000.0,5.0,1.0,6.0,0.002404,0.09113311767578125,5000.0,5.0,1.0,5.0,0.006521,0.09113311767578125,5000.0,5.0,1.0,5.0,5.0,15.0,0.25,0.0
6.0,0.002286,0.09113311767578125,5000.0,5.0,1.0,6.0,0.002287,0.09113311767578125,5000.0,5.0,1.0,6.0,0.002288,0.09113311767578125,5000.0,5.0,1.0,6.0,0.002289,0.09113311767578125,5000.0,5.0,1.0,5.0,0.006405,0.09113311767578125,5000.0,5.0,1.0,5.0,5.0,15.0,0.25,4,6.0,0.002421,0.09113311767578125,5000.0,5.0,1.0,6.0,0.002422,0.09113311767578125,5000.0,5.0,1.0,6.0,0.002422,0.09113311767578125,5000.0,5.0,1.0,6.0,0.002423,0.09113311767578125,5000.0,5.0,1.0,5.0,0.00654,0.09113311767578125,5000.0,5.0,1.0,5.0,5.0,15.0,0.25,0.0
6.0,0.002447,0.09113311767578125,5000.0,5.0,1.0,6.0,0.002448,0.09113311767578125,5000.0,5.0,1.0,6.0,0.002448,0.09113311767578125,5000.0,5.0,1.0,6.0,0.002449,0.09113311767578125,5000.0,5.0,1.0,4.0,0.006563,0.09113311767578125,5000.0,5.0,1.0,5.0,5.0,15.0,0.25,0,6.0,0.002505,0.09113311767578125,5000.0,5.0,1.0,6.0,0.002506,0.09113311767578125,5000.0,5.0,1.0,6.0,0.002507,0.09113311767578125,5000.0,5.0,1.0,6.0,0.002507,0.09113311767578125,5000.0,5.0,1.0,4.0,0.006621,0.09113311767578125,5000.0,5.0,1.0,5.0,5.0,15.0,0.25,0.0
6.0,0.002447,0.09113311767578125,5000.0,5.0,1.0,6.0,0.002448,0.09113311767578125,5000.0,5.0,1.0,6.0,0.002448,0.09113311767578125,5000.0,5.0,1.0,6.0,0.002449,0.09113311767578125,5000.0,5.0,1.0,4.0,0.006563,0.09113311767578125,5000.0,5.0,1.0,5.0,5.0,15.0,0.25,1,6.0,0.002524,0.09113311767578125,5000.0,5.0,1.0,6.0,0.002525,0.09113311767578125,5000.0,5.0,1.0,6.0,0.002526,0.09113311767578125,5000.0,5.0,1.0,6.0,0.002526,0.09113311767578125,5000.0,5.0,1.0,4.0,0.00664,0.09113311767578125,5000.0,5.0,1.0,5.0,5.0,15.0,0.25,0.0
6.0,0.002447,0.09113311767578125,5000.0,5.0,1.0,6.0,0.002448,0.09113311767578125,5000.0,5.0,1.0,6.0,0.002448,0.09113311767578125,5000.0,5.0,1.0,6.0,0.002449,0.09113311767578125,5000.0,5.0,1.0,4.0,0.006563,0.09113311767578125,5000.0,5.0,1.0,5.0,5.0,15.0,0.25,2,6.0,0.002555,0.09113311767578125,5000.0,5.0,1.0,6.0,0.002556,0.09113311767578125,5000.0,5.0,1.0,6.0,0.002557,0.09113311767578125,5000.0,5.0,1.0,6.0,0.002558,0.09113311767578125,5000.0,5.0,1.0,4.0,0.006671,0.09113311767578125,5000.0,5.0,1.0,5.0,5.0,15.0,0.25,0.0
6.0,0.002447,0.09113311767578125,5000.0,5.0,1.0,6.0,0.002448,0.09113311767578125,5000.0,5.0,1.0,6.0,0.002448,0.09113311767578125,5000.0,5.0,1.0,6.0,0.002449,0.09113311767578125,5000.0,5.0,1.0,4.0,0.006563,0.09113311767578125,5000.0,5.0,1.0,5.0,5.0,15.0,0.25,3,6.0,0.002574,0.09113311767578125,5000.0,5.0,1.0,6.0,0.002575,0.09113311767578125,5000.0,5.0,1.0,6.0,0.002576,0.09113311767578125,5000.0,5.0,1.0,6.0,0.002576,0.09113311767578125,5000.0,5.0,1.0,4.0,0.00669,0.09113311767578125,5000.0,5.0,1.0,5.0,5.0,15.0,0.25,0.0
6.0,0.002447,0.09113311767578125,5000.0,5.0,1.0,6.0,0.002448,0.09113311767578125,5000.0,5.0,1.0,6.0,0.002448,0.09113311767578125,5000.0,5.0,1.0,6.0,0.002449,0.09113311767578125,5000.0,5.0,1.0,4.0,0.006563,0.09113311767578125,5000.0,5.0,1.0,5.0,5.0,15.0,0.25,4,6.0,0.002593,0.09113311767578125,5000.0,5.0,1.0,6.0,0.002594,0.09113311767578125,5000.0,5.0,1.0,6.0,0.002594,0.09113311767578125,5000.0,5.0,1.0,6.0,0.002595,0.09113311767578125,5000.0,5.0,1.0,4.0,0.006709,0.09113311767578125,5000.0,5.0,1.0,5.0,5.0,15.0,0.25,0.0
7.0,2.9e-05,0.09113311767578125,5000.0,5.0,1.0,7.0,2.3e-05,0.09113311767578125,5000.0,5.0,1.0,7.0,1.8e-05,0.09113311767578125,5000.0,5.0,1.0,7.0,1.2e-05,0.09113311767578125,5000.0,5.0,1.0,4.0,0.00676,0.09113311767578125,5000.0,5.0,1.0,5.0,5.0,11.0,0.3125,0,7.0,4.9e-05,0.09113311767578125,5000.0,5.0,1.0,7.0,4.3e-05,0.09113311767578125,5000.0,5.0,1.0,7.0,3.8e-05,0.09113311767578125,5000.0,5.0,1.0,7.0,3.1e-05,0.09113311767578125,5000.0,5.0,1.0,4.0,0.00678,0.09113311767578125,5000.0,5.0,1.0,5.0,5.0,15.0,0.25,0.0625
7.0,2.9e-05,0.09113311767578125,5000.0,5.0,1.0,7.0,2.3e-05,0.09113311767578125,5000.0,5.0,1.0,7.0,1.8e-05,0.09113311767578125,5000.0,5.0,1.0,7.0,1.2e-05,0.09113311767578125,5000.0,5.0,1.0,4.0,0.00676,0.09113311767578125,5000.0,5.0,1.0,5.0,5.0,11.0,0.3125,1,7.0,6.8e-05,0.09113311767578125,5000.0,5.0,1.0,7.0,6.2e-05,0.09113311767578125,5000.0,5.0,1.0,7.0,5.6e-05,0.09113311767578125,5000.0,5.0,1.0,7.0,5e-05,0.09113311767578125,5000.0,5.0,1.0,4.0,0.006799,0.09113311767578125,5000.0,5.0,1.0,5.0,5.0,15.0,0.25,0.0625
7.0,2.9e-05,0.09113311767578125,5000.0,5.0,1.0,7.0,2.3e-05,0.09113311767578125,5000.0,5.0,1.0,7.0,1.8e-05,0.09113311767578125,5000.0,5.0,1.0,7.0,1.2e-05,0.09113311767578125,5000.0,5.0,1.0,4.0,0.00676,0.09113311767578125,5000.0,5.0,1.0,5.0,5.0,11.0,0.3125,2,7.0,8.6e-05,0.09113311767578125,5000.0,5.0,1.0,7.0,8e-05,0.09113311767578125,5000.0,5.0,1.0,7.0,7.5e-05,0.09113311767578125,5000.0,5.0,1.0,7.0,6.8e-05,0.09113311767578125,5000.0,5.0,1.0,4.0,0.006817,0.09113311767578125,5000.0,5.0,1.0,5.0,5.0,15.0,0.25,0.0625
7.0,2.9e-05,0.09113311767578125,5000.0,5.0,1.0,7.0,2.3e-05,0.09113311767578125,5000.0,5.0,1.0,7.0,1.8e-05,0.09113311767578125,5000.0,5.0,1.0,7.0,1.2e-05,0.09113311767578125,5000.0,5.0,1.0,4.0,0.00676,0.09113311767578125,5000.0,5.0,1.0,5.0,5.0,11.0,0.3125,3,7.0,0.000104,0.09113311767578125,5000.0,5.0,1.0,7.0,9.8e-05,0.09113311767578125,5000.0,5.0,1.0,7.0,9.3e-05,0.09113311767578125,5000.0,5.0,1.0,7.0,8.6e-05,0.09113311767578125,5000.0,5.0,1.0,4.0,0.006835,0.09113311767578125,5000.0,5.0,1.0,5.0,5.0,15.0,0.25,0.0625
7.0,2.9e-05,0.09113311767578125,5000.0,5.0,1.0,7.0,2.3e-05,0.09113311767578125,5000.0,5.0,1.0,7.0,1.8e-05,0.09113311767578125,5000.0,5.0,1.0,7.0,1.2e-05,0.09113311767578125,5000.0,5.0,1.0,4.0,0.00676,0.09113311767578125,5000.0,5.0,1.0,5.0,5.0,11.0,0.3125,4,7.0,0.000123,0.09113311767578125,5000.0,5.0,1.0,7.0,0.000117,0.09113311767578125,5000.0,5.0,1.0,7.0,0.000111,0.09113311767578125,5000.0,5.0,1.0,7.0,0.000105,0.09113311767578125,5000.0,5.0,1.0,4.0,0.006854,0.09113311767578125,5000.0,5.0,1.0,5.0,5.0,15.0,0.25,0.0625
7.0,0.000144,0.09113311767578125,5000.0,5.0,1.0,7.0,0.000138,0.09113311767578125,5000.0,5.0,1.0,7.0,0.000132,0.09113311767578125,5000.0,5.0,1.0,7.0,0.000126,0.09113311767578125,5000.0,5.0,1.0,4.0,0.006909,0.0027608871459960938,500.0,3.0,1.0,5.0,5.0,11.0,0.3125,0,7.0,0.000163,0.09113311767578125,5000.0,5.0,1.0,7.0,0.000156,0.09113311767578125,5000.0,5.0,1.0,7.0,0.000151,0.09113311767578125,5000.0,5.0,1.0,7.0,0.000145,0.09113311767578125,5000.0,5.0,1.0,4.0,0.006928,0.0027608871459960938,500.0,3.0,1.0,5.0,5.0,15.0,0.25,0.0625
7.0,0.000144,0.09113311767578125,5000.0,5.0,1.0,7.0,0.000138,0.09113311767578125,5000.0,5.0,1.0,7.0,0.000132,0.09113311767578125,5000.0,5.0,1.0,7.0,0.000126,0.09113311767578125,5000.0,5.0,1.0,4.0,0.006909,0.0027608871459960938,500.0,3.0,1.0,5.0,5.0,11.0,0.3125,1,7.0,0.000181,0.09113311767578125,5000.0,5.0,1.0,7.0,0.000175,0.09113311767578125,5000.0,5.0,1.0,7.0,0.000169,0.09113311767578125,5000.0,5.0,1.0,7.0,0.000163,0.09113311767578125,5000.0,5.0,1.0,4.0,0.006946,0.0027608871459960938,500.0,3.0,1.0,5.0,5.0,15.0,0.25,0.0625
7.0,0.000144,0.09113311767578125,5000.0,5.0,1.0,7.0,0.000138,0.09113311767578125,5000.0,5.0,1.0,7.0,0.000132,0.09113311767578125,5000.0,5.0,1.0,7.0,0.000126,0.09113311767578125,5000.0,5.0,1.0,4.0,0.006909,0.0027608871459960938,500.0,3.0,1.0,5.0,5.0,11.0,0.3125,2,7.0,0.000199,0.09113311767578125,5000.0,5.0,1.0,7.0,0.000192,0.09113311767578125,5000.0,5.0,1.0,7.0,0.000187,0.09113311767578125,5000.0,5.0,1.0,7.0,0.000181,0.09113311767578125,5000.0,5.0,1.0,4.0,0.006964,0.0027608871459960938,500.0,3.0,1.0,5.0,5.0,15.0,0.25,0.0625
7.0,0.000144,0.09113311767578125,5000.0,5.0,1.0,7.0,0.000138,0.09113311767578125,5000.0,5.0,1.0,7.0,0.000132,0.09113311767578125,5000.0,5.0,1.0,7.0,0.000126,0.09113311767578125,5000.0,5.0,1.0,4.0,0.006909,0.0027608871459960938,500.0,3.0,1.0,5.0,5.0,11.0,0.3125,3,7.0,0.000216,0.09113311767578125,5000.0,5.0,1.0,7.0,0.00021,0.09113311767578125,5000.0,5.0,1.0,7.0,0.000205,0.09113311767578125,5000.0,5.0,1.0,7.0,0.000198,0.09113311767578125,5000.0,5.0,1.0,4.0,0.006982,0.0027608871459960938,500.0,3.0,1.0,5.0,5.0,15.0,0.25,0.0625
7.0,0.000144,0.09113311767578125,5000.0,5.0,1.0,7.0,0.000138,0.09113311767578125,5000.0,5.0,1.0,7.0,0.000132,0.09113311767578125,5000.0,5.0,1.0,7.0,0.000126,0.09113311767578125,5000.0,5.0,1.0,4.0,0.006909,0.0027608871459960938,500.0,3.0,1.0,5.0,5.0,11.0,0.3125,4,7.0,0.000234,0.09113311767578125,5000.0,5.0,1.0,7.0,0.000228,0.09113311767578125,5000.0,5.0,1.0,7.0,0.000222,0.09113311767578125,5000.0,5.0,1.0,7.0,0.000216,0.09113311767578125,5000.0,5.0,1.0,4.0,0.007,0.0027608871459960938,500.0,3.0,1.0,5.0,5.0,15.0,0.25,0.0625
7.0,0.000254,0.09113311767578125,5000.0,5.0,1.0,7.0,0.000248,0.09113311767578125,5000.0,5.0,1.0,7.0,0.000243,0.09113311767578125,5000.0,5.0,1.0,7.0,0.000237,0.09113311767578125,5000.0,5.0,1.0,4.0,0.007017,0.0027608871459960938,500.0,3.0,1.0,5.0,5.0,11.0,0.3125,0,7.0,0.000273,0.09113311767578125,5000.0,5.0,1.0,7.0,0.000267,0.09113311767578125,5000.0,5.0,1.0,7.0,0.000261,0.09113311767578125,5000.0,5.0,1.0,7.0,0.000255,0.09113311767578125,5000.0,5.0,1.0,4.0,0.007036,0.0027608871459960938,500.0,3.0,1.0,5.0,5.0,15.0,0.25,0.0625
7.0,0.000254,0.09113311767578125,5000.0,5.0,1.0,7.0,0.000248,0.09113311767578125,5000.0,5.0,1.0,7.0,0.000243,0.09113311767578125,5000.0,5.0,1.0,7.0,0.000237,0.09113311767578125,5000.0,5.0,1.0,4.0,0.007017,0.0027608871459960938,500.0,3.0,1.0,5.0,5.0,11.0,0.3125,1,7.0,0.000291,0.09113311767578125,5000.0,5.0,1.0,7.0,0.000285,0.09113311767578125,5000.0,5.0,1.0,7.0,0.00028,0.09113311767578125,5000.0,5.0,1.0,7.0,0.000274,0.09113311767578125,5000.0,5.0,1.0,4.0,0.007054,0.0027608871459960938,500.0,3.0,1.0,5.0,5.0,15.0,0.25,0.0625
7.0,0.000254,0.09113311767578125,5000.0,5.0,1.0,7.0,0.000248,0.09113311767578125,5000.0,5.0,1.0,7.0,0.000243,0.09113311767578125,5000.0,5.0,1.0,7.0,0.000237,0.09113311767578125,5000.0,5.0,1.0,4.0,0.007017,0.0027608871459960938,500.0,3.0,1.0,5.0,5.0,11.0,0.3125,2,7.0,0.000309,0.09113311767578125,5000.0,5.0,1.0,7.0,0.000303,0.09113311767578125,5000.0,5.0,1.0,7.0,0.000298,0.09113311767578125,5000.0,5.0,1.0,7.0,0.000292,0.09113311767578125,5000.0,5.0,1.0,4.0,0.007072,0.0027608871459960938,500.0,3.0,1.0,5.0,5.0,15.0,0.25,0.0625
7.0,0.000254,0.09113311767578125,5000.0,5.0,1.0,7.0,0.000248,0.09113311767578125,5000.0,5.0,1.0,7.0,0.000243,0.09113311767578125,5000.0,5.0,1.0,7.0,0.000237,0.09113311767578125,5000.0,5.0,1.0,4.0,0.007017,0.0027608871459960938,500.0,3.0,1.0,5.0,5.0,11.0,0.3125,3,7.0,0.000328,0.09113311767578125,5000.0,5.0,1.0,7.0,0.000322,0.09113311767578125,5000.0,5.0,1.0,7.0,0.000317,0.09113311767578125,5000.0,5.0,1.0,7.0,0.00031,0.09113311767578125,5000.0,5.0,1.0,4.0,0.007091,0.0027608871459960938,500.0,3.0,1.0,5.0,5.0,15.0,0.25,0.0625
7.0,0.000254,0.09113311767578125,5000.0,5.0,1.0,7.0,0.000248,0.09113311767578125,5000.0,5.0,1.0,7.0,0.000243,0.09113311767578125,5000.0,5.0,1.0,7.0,0.000237,0.09113311767578125,5000.0,5.0,1.0,4.0,0.007017,0.0027608871459960938,500.0,3.0,1.0,5.0,5.0,11.0,0.3125,4,7.0,0.000346,0.09113311767578125,5000.0,5.0,1.0,7.0,0.00034,0.09113311767578125,5000.0,5.0,1.0,7.0,0.000335,0.09113311767578125,5000.0,5.0,1.0,7.0,0.000329,0.09113311767578125,5000.0,5.0,1.0,4.0,0.007109,0.0027608871459960938,500.0,3.0,1.0,5.0,5.0,15.0,0.25,0.0625
7.0,0.000367,0.09113311767578125,5000.0,5.0,1.0,7.0,0.000361,0.09113311767578125,5000.0,5.0,1.0,7.0,0.000355,0.09113311767578125,5000.0,5.0,1.0,7.0,0.000349,0.09113311767578125,5000.0,5.0,1.0,4.0,0.007127,0.0027608871459960938,500.0,3.0,1.0,5.0,5.0,11.0,0.3125,0,7.0,0.000385,0.09113311767578125,5000.0,5.0,1.0,7.0,0.000379,0.09113311767578125,5000.0,5.0,1.0,7.0,0.000374,0.09113311767578125,5000.0,5.0,1.0,7.0,0.000367,0.09113311767578125,5000.0,5.0,1.0,4.0,0.007145,0.0027608871459960938,500.0,3.0,1.0,5.0,5.0,15.0,0.25,0.0625
7.0,0.000367,0.09113311767578125,5000.0,5.0,1.0,7.0,0.000361,0.09113311767578125,5000.0,5.0,1.0,7.0,0.000355,0.09113311767578125,5000.0,5.0,1.0,7.0,0.000349,0.09113311767578125,5000.0,5.0,1.0,4.0,0.007127,0.0027608871459960938,500.0,3.0,1.0,5.0,5.0,11.0,0.3125,1,7.0,0.000403,0.09113311767578125,5000.0,5.0,1.0,7.0,0.000397,0.09113311767578125,5000.0,5.0,1.0,7.0,0.000392,0.09113311767578125,5000.0,5.0,1.0,7.0,0.000385,0.09113311767578125,5000.0,5.0,1.0,4.0,0.007163,0.0027608871459960938,500.0,3.0,1.0,5.0,5.0,15.0,0.25,0.0625
7.0,0.000367,0.09113311767578125,5000.0,5.0,1.0,7.0,0.000361,0.09113311767578125,5000.0,5.0,1.0,7.0,0.000355,0.09113311767578125,5000.0,5.0,1.0,7.0,0.000349,0.09113311767578125,5000.0,5.0,1.0,4.0,0.007127,0.0027608871459960938,500.0,3.0,1.0,5.0,5.0,11.0,0.3125,2,7.0,0.000421,0.09113311767578125,5000.0,5.0,1.0,7.0,0.000415,0.09113311767578125,5000.0,5.0,1.0,7.0,0.00041,0.09113311767578125,5000.0,5.0,1.0,7.0,0.000403,0.09113311767578125,5000.0,5.0,1.0,4.0,0.007181,0.0027608871459960938,500.0,3.0,1.0,5.0,5.0,15.0,0.25,0.0625
7.0,0.000367,0.09113311767578125,5000.0,5.0,1.0,7.0,0.000361,0.09113311767578125,5000.0,5.0,1.0,7.0,0.000355,0.09113311767578125,5000.0,5.0,1.0,7.0,0.000349,0.09113311767578125,5000.0,5.0,1.0,4.0,0.007127,0.0027608871459960938,500.0,3.0,1.0,5.0,5.0,11.0,0.3125,3,7.0,0.000439,0.09113311767578125,5000.0,5.0,1.0,7.0,0.000433,0.09113311767578125,5000.0,5.0,1.0,7.0,0.000428,0.09113311767578125,5000.0,5.0,1.0,7.0,0.000422,0.09113311767578125,5000.0,5.0,1.0,4.0,0.007199,0.0027608871459960938,500.0,3.0,1.0,5.0,5.0,15.0,0.25,0.0625
7.0,0.000367,0.09113311767578125,5000.0,5.0,1.0,7.0,0.000361,0.09113311767578125,5000.0,5.0,1.0,7.0,0.000355,0.09113311767578125,5000.0,5.0,1.0,7.0,0.000349,0.09113311767578125,5000.0,5.0,1.0,4.0,0.007127,0.0027608871459960938,500.0,3.0,1.0,5.0,5.0,11.0,0.3125,4,7.0,0.000457,0.09113311767578125,5000.0,5.0,1.0,7.0,0.000451,0.09113311767578125,5000.0,5.0,1.0,7.0,0.000446,0.09113311767578125,5000.0,5.0,1.0,7.0,0.00044,0.09113311767578125,5000.0,5.0,1.0,4.0,0.007217,0.0027608871459960938,500.0,3.0,1.0,5.0,5.0,15.0,0.25,0.0625
7.0,0.000478,0.09113311767578125,5000.0,5.0,1.0,7.0,0.000472,0.09113311767578125,5000.0,5.0,1.0,7.0,0.000467,0.09113311767578125,5000.0,5.0,1.0,7.0,0.000461,0.09113311767578125,5000.0,5.0,1.0,4.0,0.007234,0.0027608871459960938,500.0,3.0,1.0,5.0,5.0,11.0,0.3125,0,7.0,0.000497,0.09113311767578125,5000.0,5.0,1.0,7.0,0.000491,0.09113311767578125,5000.0,5.0,1.0,7.0,0.000486,0.09113311767578125,5000.0,5.0,1.0,7.0,0.000479,0.09113311767578125,5000.0,5.0,1.0,4.0,0.007253,0.0027608871459960938,500.0,3.0,1.0,5.0,5.0,15.0,0.25,0.0625
7.0,0.000478,0.09113311767578125,5000.0,5.0,1.0,7.0,0.000472,0.09113311767578125,5000.0,5.0,1.0,7.0,0.000467,0.09113311767578125,5000.0,5.0,1.0,7.0,0.000461,0.09113311767578125,5000.0,5.0,1.0,4.0,0.007234,0.0027608871459960938,500.0,3.0,1.0,5.0,5.0,11.0,0.3125,1,7.0,0.000515,0.09113311767578125,5000.0,5.0,1.0,7.0,0.000509,0.09113311767578125,5000.0,5.0,1.0,7.0,0.000504,0.09113311767578125,5000.0,5.0,1.0,7.0,0.000498,0.09113311767578125,5000.0,5.0,1.0,4.0,0.007271,0.0027608871459960938,500.0,3.0,1.0,5.0,5.0,15.0,0.25,0.0625
7.0,0.000478,0.09113311767578125,5000.0,5.0,1.0,7.0,0.000472,0.09113311767578125,5000.0,5.0,1.0,7.0,0.000467,0.09113311767578125,5000.0,5.0,1.0,7.0,0.000461,0.09113311767578125,5000.0,5.0,1.0,4.0,0.007234,0.0027608871459960938,500.0,3.0,1.0,5.0,5.0,11.0,0.3125,2,7.0,0.000533,0.09113311767578125,5000.0,5.0,1.0,7.0,0.000527,0.09113311767578125,5000.0,5.0,1.0,7.0,0.000522,0.09113311767578125,5000.0,5.0,1.0,7.0,0.000516,0.09113311767578125,5000.0,5.0,1.0,4.0,0.007289,0.0027608871459960938,500.0,3.0,1.0,5.0,5.0,15.0,0.25,0.0625
7.0,0.000478,0.09113311767578125,5000.0,5.0,1.0,7.0,0.000472,0.09113311767578125,5000.0,5.0,1.0,7.0,0.000467,0.09113311767578125,5000.0,5.0,1.0,7.0,0.000461,0.09113311767578125,5000.0,5.0,1.0,4.0,0.007234,0.0027608871459960938,500.0,3.0,1.0,5.0,5.0,11.0,0.3125,3,7.0,0.000551,0.09113311767578125,5000.0,5.0,1.0,7.0,0.000545,0.09113311767578125,5000.0,5.0,1.0,7.0,0.00054,0.09113311767578125,5000.0,5.0,1.0,7.0,0.000533,0.09113311767578125,5000.0,5.0,1.0,4.0,0.007307,0.0027608871459960938,500.0,3.0,1.0,5.0,5.0,15.0,0.25,0.0625
7.0,0.000478,0.09113311767578125,5000.0,5.0,1.0,7.0,0.000472,0.09113311767578125,5000.0,5.0,1.0,7.0,0.000467,0.09113311767578125,5000.0,5.0,1.0,7.0,0.000461,0.09113311767578125,5000.0,5.0,1.0,4.0,0.007234,0.0027608871459960938,500.0,3.0,1.0,5.0,5.0,11.0,0.3125,4,7.0,0.000569,0.09113311767578125,5000.0,5.0,1.0,7.0,0.000563,0.09113311767578125,5000.0,5.0,1.0,7.0,0.000558,0.09113311767578125,5000.0,5.0,1.0,7.0,0.000551,0.09113311767578125,5000.0,5.0,1.0,4.0,0.007325,0.0027608871459960938,500.0,3.0,1.0,5.0,5.0,15.0,0.25,0.0625
7.0,0.000589,0.09113311767578125,5000.0,5.0,1.0,7.0,0.000583,0.09113311767578125,5000.0,5.0,1.0,7.0,0.000578,0.09113311767578125,5000.0,5.0,1.0,7.0,0.000572,0.09113311767578125,5000.0,5.0,1.0,4.0,0.007342,0.0027608871459960938,500.0,3.0,1.0,5.0,5.0,11.0,0.3125,0,7.0,0.000608,0.09113311767578125,5000.0,5.0,1.0,7.0,0.000601,0.09113311767578125,5000.0,5.0,1.0,7.0,0.000596,0.09113311767578125,5000.0,5.0,1.0,7.0,0.00059,0.09113311767578125,5000.0,5.0,1.0,4.0,0.00736,0.0027608871459960938,500.0,3.0,1.0,5.0,5.0,15.0,0.25,0.0625
7.0,0.000589,0.09113311767578125,5000.0,5.0,1.0,7.0,0.000583,0.09113311767578125,5000.0,5.0,1.0,7.0,0.000578,0.09113311767578125,5000.0,5.0,1.0,7.0,0.000572,0.09113311767578125,5000.0,5.0,1.0,4.0,0.007342,0.0027608871459960938,500.0,3.0,1.0,5.0,5.0,11.0,0.3125,1,7.0,0.000625,0.09113311767578125,5000.0,5.0,1.0,7.0,0.000619,0.09113311767578125,5000.0,5.0,1.0,7.0,0.000614,0.09113311767578125,5000.0,5.0,1.0,7.0,0.000608,0.09113311767578125,5000.0,5.0,1.0,4.0,0.007378,0.0027608871459960938,500.0,3.0,1.0,5.0,5.0,15.0,0.25,0.0625
7.0,0.000589,0.09113311767578125,5000.0,5.0,1.0,7.0,0.000583,0.09113311767578125,5000.0,5.0,1.0,7.0,0.000578,0.09113311767578125,5000.0,5.0,1.0,7.0,0.000572,0.09113311767578125,5000.0,5.0,1.0,4.0,0.007342,0.0027608871459960938,500.0,3.0,1.0,5.0,5.0,11.0,0.3125,2,7.0,0.000643,0.09113311767578125,5000.0,5.0,1.0,7.0,0.000637,0.09113311767578125,5000.0,5.0,1.0,7.0,0.000632,0.09113311767578125,5000.0,5.0,1.0,7.0,0.000626,0.09113311767578125,5000.0,5.0,1.0,4.0,0.007396,0.0027608871459960938,500.0,3.0,1.0,5.0,5.0,15.0,0.25,0.0625
7.0,0.000589,0.09113311767578125,5000.0,5.0,1.0,7.0,0.000583,0.09113311767578125,5000.0,5.0,1.0,7.0,0.000578,0.09113311767578125,5000.0,5.0,1.0,7.0,0.000572,0.09113311767578125,5000.0,5.0,1.0,4.0,0.007342,0.0027608871459960938,500.0,3.0,1.0,5.0,5.0,11.0,0.3125,3,7.0,0.000661,0.09113311767578125,5000.0,5.0,1.0,7.0,0.000655,0.09113311767578125,5000.0,5.0,1.0,7.0,0.00065,0.09113311767578125,5000.0,5.0,1.0,7.0,0.000644,0.09113311767578125,5000.0,5.0,1.0,4.0,0.007414,0.0027608871459960938,500.0,3.0,1.0,5.0,5.0,15.0,0.25,0.0625
7.0,0.000589,0.09113311767578125,5000.0,5.0,1.0,7.0,0.000583,0.09113311767578125,5000.0,5.0,1.0,7.0,0.000578,0.09113311767578125,5000.0,5.0,1.0,7.0,0.000572,0.09113311767578125,5000.0,5.0,1.0,4.0,0.007342,0.0027608871459960938,500.0,3.0,1.0,5.0,5.0,11.0,0.3125,4,7.0,0.000679,0.09113311767578125,5000.0,5.0,1.0,7.0,0.000673,0.09113311767578125,5000.0,5.0,1.0,7.0,0.000668,0.09113311767578125,5000.0,5.0,1.0,7.0,0.000662,0.09113311767578125,5000.0,5.0,1.0,4.0,0.007432,0.0027608871459960938,500.0,3.0,1.0,5.0,5.0,15.0,0.25,0.0625
7.0,0.0007,0.09113311767578125,5000.0,5.0,1.0,7.0,0.000694,0.09113311767578125,5000.0,5.0,1.0,7.0,0.000689,0.09113311767578125,5000.0,5.0,1.0,7.0,0.000683,0.09113311767578125,5000.0,5.0,1.0,4.0,0.007451,0.0027608871459960938,500.0,3.0,1.0,5.0,5.0,11.0,0.3125,0,7.0,0.000719,0.09113311767578125,5000.0,5.0,1.0,7.0,0.000713,0.09113311767578125,5000.0,5.0,1.0,7.0,0.000708,0.09113311767578125,5000.0,5.0,1.0,7.0,0.000701,0.09113311767578125,5000.0,5.0,1.0,4.0,0.007469,0.0027608871459960938,500.0,3.0,1.0,5.0,5.0,15.0,0.25,0.0625
7.0,0.0007,0.09113311767578125,5000.0,5.0,1.0,7.0,0.000694,0.09113311767578125,5000.0,5.0,1.0,7.0,0.000689,0.09113311767578125,5000.0,5.0,1.0,7.0,0.000683,0.09113311767578125,5000.0,5.0,1.0,4.0,0.007451,0.0027608871459960938,500.0,3.0,1.0,5.0,5.0,11.0,0.3125,1,7.0,0.000737,0.09113311767578125,5000.0,5.0,1.0,7.0,0.000731,0.09113311767578125,5000.0,5.0,1.0,7.0,0.000725,0.09113311767578125,5000.0,5.0,1.0,7.0,0.000719,0.09113311767578125,5000.0,5.0,1.0,4.0,0.007487,0.0027608871459960938,500.0,3.0,1.0,5.0,5.0,15.0,0.25,0.0625
7.0,0.0007,0.09113311767578125,5000.0,5.0,1.0,7.0,0.000694,0.09113311767578125,5000.0,5.0,1.0,7.0,0.000689,0.09113311767578125,5000.0,5.0,1.0,7.0,0.000683,0.09113311767578125,5000.0,5.0,1.0,4.0,0.007451,0.0027608871459960938,500.0,3.0,1.0,5.0,5.0,11.0,0.3125,2,7.0,0.000755,0.09113311767578125,5000.0,5.0,1.0,7.0,0.000748,0.09113311767578125,5000.0,5.0,1.0,7.0,0.000743,0.09113311767578125,5000.0,5.0,1.0,7.0,0.000737,0.09113311767578125,5000.0,5.0,1.0,4.0,0.007504,0.0027608871459960938,500.0,3.0,1.0,5.0,5.0,15.0,0.25,0.0625
7.0,0.0007,0.09113311767578125,5000.0,5.0,1.0,7.0,0.000694,0.09113311767578125,5000.0,5.0,1.0,7.0,0.000689,0.09113311767578125,5000.0,5.0,1.0,7.0,0.000683,0.09113311767578125,5000.0,5.0,1.0,4.0,0.007451,0.0027608871459960938,500.0,3.0,1.0,5.0,5.0,11.0,0.3125,3,7.0,0.000772,0.09113311767578125,5000.0,5.0,1.0,7.0,0.000766,0.09113311767578125,5000.0,5.0,1.0,7.0,0.000761,0.09113311767578125,5000.0,5.0,1.0,7.0,0.000755,0.09113311767578125,5000.0,5.0,1.0,4.0,0.007522,0.0027608871459960938,500.0,3.0,1.0,5.0,5.0,15.0,0.25,0.0625
7.0,0.0007,0.09113311767578125,5000.0,5.0,1.0,7.0,0.000694,0.09113311767578125,5000.0,5.0,1.0,7.0,0.000689,0.09113311767578125,5000.0,5.0,1.0,7.0,0.000683,0.09113311767578125,5000.0,5.0,1.0,4.0,0.007451,0.0027608871459960938,500.0,3.0,1.0,5.0,5.0,11.0,0.3125,4,7.0,0.00079,0.09113311767578125,5000.0,5.0,1.0,7.0,0.000784,0.09113311767578125,5000.0,5.0,1.0,7.0,0.000779,0.09113311767578125,5000.0,5.0,1.0,7.0,0.000772,0.09113311767578125,5000.0,5.0,1.0,4.0,0.00754,0.0027608871459960938,500.0,3.0,1.0,5.0,5.0,15.0,0.25,0.0625
7.0,0.00081,0.09113311767578125,5000.0,5.0,1.0,7.0,0.000804,0.09113311767578125,5000.0,5.0,1.0,7.0,0.000799,0.09113311767578125,5000.0,5.0,1.0,7.0,0.000792,0.09113311767578125,5000.0,5.0,1.0,4.0,0.007555,0.09113311767578125,5000.0,5.0,1.0,5.0,5.0,11.0,0.3125,0,7.0,0.000829,0.09113311767578125,5000.0,5.0,1.0,7.0,0.000823,0.09113311767578125,5000.0,5.0,1.0,7.0,0.000817,0.09113311767578125,5000.0,5.0,1.0,7.0,0.000811,0.09113311767578125,5000.0,5.0,1.0,4.0,0.007574,0.09113311767578125,5000.0,5.0,1.0,5.0,5.0,15.0,0.25,0.0625
7.0,0.00081,0.09113311767578125,5000.0,5.0,1.0,7.0,0.000804,0.09113311767578125,5000.0,5.0,1.0,7.0,0.000799,0.09113311767578125,5000.0,5.0,1.0,7.0,0.000792,0.09113311767578125,5000.0,5.0,1.0,4.0,0.007555,0.09113311767578125,5000.0,5.0,1.0,5.0,5.0,11.0,0.3125,1,7.0,0.000847,0.09113311767578125,5000.0,5.0,1.0,7.0,0.00084,0.09113311767578125,5000.0,5.0,1.0,7.0,0.000835,0.09113311767578125,5000.0,5.0,1.0,7.0,0.000829,0.09113311767578125,5000.0,5.0,1.0,4.0,0.007591,0.09113311767578125,5000.0,5.0,1.0,5.0,5.0,15.0,0.25,0.0625
7.0,0.00081,0.09113311767578125,5000.0,5.0,1.0,7.0,0.000804,0.09113311767578125,5000.0,5.0,1.0,7.0,0.000799,0.09113311767578125,5000.0,5.0,1.0,7.0,0.000792,0.09113311767578125,5000.0,5.0,1.0,4.0,0.007555,0.09113311767578125,5000.0,5.0,1.0,5.0,5.0,11.0,0.3125,2,7.0,0.000865,0.09113311767578125,5000.0,5.0,1.0,7.0,0.000858,0.09113311767578125,5000.0,5.0,1.0,7.0,0.000853,0.09113311767578125,5000.0,5.0,1.0,7.0,0.000847,0.09113311767578125,5000.0,5.0,1.0,4.0,0.007609,0.09113311767578125,5000.0,5.0,1.0,5.0,5.0,15.0,0.25,0.0625
7.0,0.00081,0.09113311767578125,5000.0,5.0,1.0,7.0,0.000804,0.09113311767578125,5000.0,5.0,1.0,7.0,0.000799,0.09113311767578125,5000.0,5.0,1.0,7.0,0.000792,0.09113311767578125,5000.0,5.0,1.0,4.0,0.007555,0.09113311767578125,5000.0,5.0,1.0,5.0,5.0,11.0,0.3125,3,7.0,0.000882,0.09113311767578125,5000.0,5.0,1.0,7.0,0.000876,0.09113311767578125,5000.0,5.0,1.0,7.0,0.000871,0.09113311767578125,5000.0,5.0,1.0,7.0,0.000864,0.09113311767578125,5000.0,5.0,1.0,4.0,0.007627,0.09113311767578125,5000.0,5.0,1.0,5.0,5.0,15.0,0.25,0.0625
7.0,0.00081,0.09113311767578125,5000.0,5.0,1.0,7.0,0.000804,0.09113311767578125,5000.0,5.0,1.0,7.0,0.000799,0.09113311767578125,5000.0,5.0,1.0,7.0,0.000792,0.09113311767578125,5000.0,5.0,1.0,4.0,0.007555,0.09113311767578125,5000.0,5.0,1.0,5.0,5.0,11.0,0.3125,4,7.0,0.0009,0.09113311767578125,5000.0,5.0,1.0,7.0,0.000894,0.09113311767578125,5000.0,5.0,1.0,7.0,0.000888,0.09113311767578125,5000.0,5.0,1.0,7.0,0.000882,0.09113311767578125,5000.0,5.0,1.0,4.0,0.007645,0.09113311767578125,5000.0,5.0,1.0,5.0,5.0,15.0,0.25,0.0625
7.0,0.000919,0.09113311767578125,5000.0,5.0,1.0,7.0,0.000913,0.09113311767578125,5000.0,5.0,1.0,7.0,0.000908,0.09113311767578125,5000.0,5.0,1.0,7.0,0.000902,0.09113311767578125,5000.0,5.0,1.0,4.0,0.007661,0.09113311767578125,5000.0,5.0,1.0,5.0,5.0,11.0,0.3125,0,7.0,0.000938,0.09113311767578125,5000.0,5.0,1.0,7.0,0.000932,0.09113311767578125,5000.0,5.0,1.0,7.0,0.000926,0.09113311767578125,5000.0,5.0,1.0,7.0,0.00092,0.09113311767578125,5000.0,5.0,1.0,4.0,0.00768,0.09113311767578125,5000.0,5.0,1.0,5.0,5.0,15.0,0.25,0.0625
7.0,0.000919,0.09113311767578125,5000.0,5.0,1.0,7.0,0.000913,0.09113311767578125,5000.0,5.0,1.0,7.0,0.000908,0.09113311767578125,5000.0,5.0,1.0,7.0,0.000902,0.09113311767578125,5000.0,5.0,1.0,4.0,0.007661,0.09113311767578125,5000.0,5.0,1.0,5.0,5.0,11.0,0.3125,1,7.0,0.000956,0.09113311767578125,5000.0,5.0,1.0,7.0,0.00095,0.09113311767578125,5000.0,5.0,1.0,7.0,0.000945,0.09113311767578125,5000.0,5.0,1.0,7.0,0.000938,0.09113311767578125,5000.0,5.0,1.0,4.0,0.007698,0.09113311767578125,5000.0,5.0,1.0,5.0,5.0,15.0,0.25,0.0625
7.0,0.000919,0.09113311767578125,5000.0,5.0,1.0,7.0,0.000913,0.09113311767578125,5000.0,5.0,1.0,7.0,0.000908,0.09113311767578125,5000.0,5.0,1.0,7.0,0.000902,0.09113311767578125,5000.0,5.0,1.0,4.0,0.007661,0.09113311767578125,5000.0,5.0,1.0,5.0,5.0,11.0,0.3125,2,7.0,0.000974,0.09113311767578125,5000.0,5.0,1.0,7.0,0.000968,0.09113311767578125,5000.0,5.0,1.0,7.0,0.000963,0.09113311767578125,5000.0,5.0,1.0,7.0,0.000956,0.09113311767578125,5000.0,5.0,1.0,4.0,0.007716,0.09113311767578125,5000.0,5.0,1.0,5.0,5.0,15.0,0.25,0.0625
7.0,0.000919,0.09113311767578125,5000.0,5.0,1.0,7.0,0.000913,0.09113311767578125,5000.0,5.0,1.0,7.0,0.000908,0.09113311767578125,5000.0,5.0,1.0,7.0,0.000902,0.09113311767578125,5000.0,5.0,1.0,4.0,0.007661,0.09113311767578125,5000.0,5.0,1.0,5.0,5.0,11.0,0.3125,3,7.0,0.000992,0.09113311767578125,5000.0,5.0,1.0,7.0,0.000986,0.09113311767578125,5000.0,5.0,1.0,7.0,0.000981,0.09113311767578125,5000.0,5.0,1.0,7.0,0.000974,0.09113311767578125,5000.0,5.0,1.0,4.0,0.007734,0.09113311767578125,5000.0,5.0,1.0,5.0,5.0,15.0,0.25,0.0625
7.0,0.000919,0.09113311767578125,5000.0,5.0,1.0,7.0,0.000913,0.09113311767578125,5000.0,5.0,1.0,7.0,0.000908,0.09113311767578125,5000.0,5.0,1.0,7.0,0.000902,0.09113311767578125,5000.0,5.0,1.0,4.0,0.007661,0.09113311767578125,5000.0,5.0,1.0,5.0,5.0,11.0,0.3125,4,7.0,0.00101,0.09113311767578125,5000.0,5.0,1.0,7.0,0.001004,0.09113311767578125,5000.0,5.0,1.0,7.0,0.000998,0.09113311767578125,5000.0,5.0,1.0,7.0,0.000992,0.09113311767578125,5000.0,5.0,1.0,4.0,0.007752,0.09113311767578125,5000.0,5.0,1.0,5.0,5.0,15.0,0.25,0.0625
7.0,0.001029,0.09113311767578125,5000.0,5.0,1.0,7.0,0.001023,0.09113311767578125,5000.0,5.0,1.0,7.0,0.001018,0.09113311767578125,5000.0,5.0,1.0,7.0,0.001012,0.09113311767578125,5000.0,5.0,1.0,5.0,0.007768,0.09113311767578125,5000.0,5.0,1.0,5.0,5.0,11.0,0.3125,0,7.0,0.001048,0.09113311767578125,5000.0,5.0,1.0,7.0,0.001042,0.09113311767578125,5000.0,5.0,1.0,7.0,0.001036,0.09113311767578125,5000.0,5.0,1.0,7.0,0.00103,0.09113311767578125,5000.0,5.0,1.0,5.0,0.007787,0.09113311767578125,5000.0,5.0,1.0,5.0,5.0,15.0,0.25,0.0625
7.0,0.001029,0.09113311767578125,5000.0,5.0,1.0,7.0,0.001023,0.09113311767578125,5000.0,5.0,1.0,7.0,0.001018,0.09113311767578125,5000.0,5.0,1.0,7.0,0.001012,0.09113311767578125,5000.0,5.0,1.0,5.0,0.007768,0.09113311767578125,5000.0,5.0,1.0,5.0,5.0,11.0,0.3125,1,7.0,0.001066,0.09113311767578125,5000.0,5.0,1.0,7.0,0.00106,0.09113311767578125,5000.0,5.0,1.0,7.0,0.001054,0.09113311767578125,5000.0,5.0,1.0,7.0,0.001048,0.09113311767578125,5000.0,5.0,1.0,5.0,0.007805,0.09113311767578125,5000.0,5.0,1.0,5.0,5.0,15.0,0.25,0.0625
7.0,0.001029,0.09113311767578125,5000.0,5.0,1.0,7.0,0.001023,0.09113311767578125,5000.0,5.0,1.0,7.0,0.001018,0.09113311767578125,5000.0,5.0,1.0,7.0,0.001012,0.09113311767578125,5000.0,5.0,1.0,5.0,0.007768,0.09113311767578125,5000.0,5.0,1.0,5.0,5.0,11.0,0.3125,2,7.0,0.001083,0.09113311767578125,5000.0,5.0,1.0,7.0,0.001077,0.09113311767578125,5000.0,5.0,1.0,7.0,0.001072,0.09113311767578125,5000.0,5.0,1.0,7.0,0.001066,0.09113311767578125,5000.0,5.0,1.0,5.0,0.007822,0.09113311767578125,5000.0,5.0,1.0,5.0,5.0,15.0,0.25,0.0625
7.0,0.001029,0.09113311767578125,5000.0,5.0,1.0,7.0,0.001023,0.09113311767578125,5000.0,5.0,1.0,7.0,0.001018,0.09113311767578125,5000.0,5.0,1.0,7.0,0.001012,0.09113311767578125,5000.0,5.0,1.0,5.0,0.007768,0.09113311767578125,5000.0,5.0,1.0,5.0,5.0,11.0,0.3125,3,7.0,0.001103,0.09113311767578125,5000.0,5.0,1.0,7.0,0.001097,0.09113311767578125,5000.0,5.0,1.0,7.0,0.001092,0.09113311767578125,5000.0,5.0,1.0,7.0,0.001085,0.09113311767578125,5000.0,5.0,1.0,5.0,0.007842,0.09113311767578125,5000.0,5.0,1.0,5.0,5.0,15.0,0.25,0.0625
7.0,0.001029,0.09113311767578125,5000.0,5.0,1.0,7.0,0.001023,0.09113311767578125,5000.0,5.0,1.0,7.0,0.001018,0.09113311767578125,5000.0,5.0,1.0,7.0,0.001012,0.09113311767578125,5000.0,5.0,1.0,5.0,0.007768,0.09113311767578125,5000.0,5.0,1.0,5.0,5.0,11.0,0.3125,4,7.0,0.001121,0.09113311767578125,5000.0,5.0,1.0,7.0,0.001115,0.09113311767578125,5000.0,5.0,1.0,7.0,0.00111,0.09113311767578125,5000.0,5.0,1.0,7.0,0.001104,0.09113311767578125,5000.0,5.0,1.0,5.0,0.00786,0.09113311767578125,5000.0,5.0,1.0,5.0,5.0,15.0,0.25,0.0625
7.0,0.001141,0.09113311767578125,5000.0,5.0,1.0,7.0,0.001135,0.09113311767578125,5000.0,5.0,1.0,7.0,0.00113,0.09113311767578125,5000.0,5.0,1.0,7.0,0.001123,0.09113311767578125,5000.0,5.0,1.0,5.0,0.007878,0.09113311767578125,5000.0,5.0,1.0,5.0,5.0,11.0,0.3125,0,7.0,0.001159,0.09113311767578125,5000.0,5.0,1.0,7.0,0.001153,0.09113311767578125,5000.0,5.0,1.0,7.0,0.001148,0.09113311767578125,5000.0,5.0,1.0,7.0,0.001142,0.09113311767578125,5000.0,5.0,1.0,5.0,0.007896,0.09113311767578125,5000.0,5.0,1.0,5.0,5.0,15.0,0.25,0.0625
7.0,0.001141,0.09113311767578125,5000.0,5.0,1.0,7.0,0.001135,0.09113311767578125,5000.0,5.0,1.0,7.0,0.00113,0.09113311767578125,5000.0,5.0,1.0,7.0,0.001123,0.09113311767578125,5000.0,5.0,1.0,5.0,0.007878,0.09113311767578125,5000.0,5.0,1.0,5.0,5.0,11.0,0.3125,1,7.0,0.001177,0.09113311767578125,5000.0,5.0,1.0,7.0,0.001171,0.09113311767578125,5000.0,5.0,1.0,7.0,0.001166,0.09113311767578125,5000.0,5.0,1.0,7.0,0.00116,0.09113311767578125,5000.0,5.0,1.0,5.0,0.007914,0.09113311767578125,5000.0,5.0,1.0,5.0,5.0,15.0,0.25,0.0625
7.0,0.001141,0.09113311767578125,5000.0,5.0,1.0,7.0,0.001135,0.09113311767578125,5000.0,5.0,1.0,7.0,0.00113,0.09113311767578125,5000.0,5.0,1.0,7.0,0.001123,0.09113311767578125,5000.0,5.0,1.0,5.0,0.007878,0.09113311767578125,5000.0,5.0,1.0,5.0,5.0,11.0,0.3125,2,7.0,0.001195,0.09113311767578125,5000.0,5.0,1.0,7.0,0.001189,0.09113311767578125,5000.0,5.0,1.0,7.0,0.001184,0.09113311767578125,5000.0,5.0,1.0,7.0,0.001178,0.09113311767578125,5000.0,5.0,1.0,5.0,0.007932,0.09113311767578125,5000.0,5.0,1.0,5.0,5.0,15.0,0.25,0.0625
7.0,0.001141,0.09113311767578125,5000.0,5.0,1.0,7.0,0.001135,0.09113311767578125,5000.0,5.0,1.0,7.0,0.00113,0.09113311767578125,5000.0,5.0,1.0,7.0,0.001123,0.09113311767578125,5000.0,5.0,1.0,5.0,0.007878,0.09113311767578125,5000.0,5.0,1.0,5.0,5.0,11.0,0.3125,3,7.0,0.001213,0.09113311767578125,5000.0,5.0,1.0,7.0,0.001207,0.09113311767578125,5000.0,5.0,1.0,7.0,0.001202,0.09113311767578125,5000.0,5.0,1.0,7.0,0.001196,0.09113311767578125,5000.0,5.0,1.0,5.0,0.00795,0.09113311767578125,5000.0,5.0,1.0,5.0,5.0,15.0,0.25,0.0625
7.0,0.001141,0.09113311767578125,5000.0,5.0,1.0,7.0,0.001135,0.09113311767578125,5000.0,5.0,1.0,7.0,0.00113,0.09113311767578125,5000.0,5.0,1.0,7.0,0.001123,0.09113311767578125,5000.0,5.0,1.0,5.0,0.007878,0.09113311767578125,5000.0,5.0,1.0,5.0,5.0,11.0,0.3125,4,7.0,0.001232,0.09113311767578125,5000.0,5.0,1.0,7.0,0.001226,0.09113311767578125,5000.0,5.0,1.0,7.0,0.001221,0.09113311767578125,5000.0,5.0,1.0,7.0,0.001214,0.09113311767578125,5000.0,5.0,1.0,5.0,0.007969,0.09113311767578125,5000.0,5.0,1.0,5.0,5.0,15.0,0.25,0.0625
7.0,0.001252,0.09113311767578125,5000.0,5.0,1.0,7.0,0.001246,0.09113311767578125,5000.0,5.0,1.0,7.0,0.001241,0.09113311767578125,5000.0,5.0,1.0,7.0,0.001234,0.09113311767578125,5000.0,5.0,1.0,4.0,0.007986,0.09113311767578125,5000.0,5.0,1.0,5.0,5.0,11.0,0.3125,0,7.0,0.001271,0.09113311767578125,5000.0,5.0,1.0,7.0,0.001265,0.09113311767578125,5000.0,5.0,1.0,7.0,0.001259,0.09113311767578125,5000.0,5.0,1.0,7.0,0.001253,0.09113311767578125,5000.0,5.0,1.0,4.0,0.008005,0.09113311767578125,5000.0,5.0,1.0,5.0,5.0,15.0,0.25,0.0625
7.0,0.001252,0.09113311767578125,5000.0,5.0,1.0,7.0,0.001246,0.09113311767578125,5000.0,5.0,1.0,7.0,0.001241,0.09113311767578125,5000.0,5.0,1.0,7.0,0.001234,0.09113311767578125,5000.0,5.0,1.0,4.0,0.007986,0.09113311767578125,5000.0,5.0,1.0,5.0,5.0,11.0,0.3125,1,7.0,0.001289,0.09113311767578125,5000.0,5.0,1.0,7.0,0.001283,0.09113311767578125,5000.0,5.0,1.0,7.0,0.001277,0.09113311767578125,5000.0,5.0,1.0,7.0,0.001271,0.09113311767578125,5000.0,5.0,1.0,4.0,0.008023,0.09113311767578125,5000.0,5.0,1.0,5.0,5.0,15.0,0.25,0.0625
7.0,0.001252,0.09113311767578125,5000.0,5.0,1.0,7.0,0.001246,0.09113311767578125,5000.0,5.0,1.0,7.0,0.001241,0.09113311767578125,5000.0,5.0,1.0,7.0,0.001234,0.09113311767578125,5000.0,5.0,1.0,4.0,0.007986,0.09113311767578125,5000.0,5.0,1.0,5.0,5.0,11.0,0.3125,2,7.0,0.001307,0.09113311767578125,5000.0,5.0,1.0,7.0,0.001301,0.09113311767578125,5000.0,5.0,1.0,7.0,0.001296,0.09113311767578125,5000.0,5.0,1.0,7.0,0.001289,0.09113311767578125,5000.0,5.0,1.0,4.0,0.008041,0.09113311767578125,5000.0,5.0,1.0,5.0,5.0,15.0,0.25,0.0625
7.0,0.001252,0.09113311767578125,5000.0,5.0,1.0,7.0,0.001246,0.09113311767578125,5000.0,5.0,1.0,7.0,0.001241,0.09113311767578125,5000.0,5.0,1.0,7.0,0.001234,0.09113311767578125,5000.0,5.0,1.0,4.0,0.007986,0.09113311767578125,5000.0,5.0,1.0,5.0,5.0,11.0,0.3125,3,7.0,0.001327,0.09113311767578125,5000.0,5.0,1.0,7.0,0.001322,0.09113311767578125,5000.0,5.0,1.0,7.0,0.001317,0.09113311767578125,5000.0,5.0,1.0,7.0,0.001311,0.09113311767578125,5000.0,5.0,1.0,4.0,0.008064,0.09113311767578125,5000.0,5.0,1.0,5.0,5.0,15.0,0.25,0.0625
7.0,0.001252,0.09113311767578125,5000.0,5.0,1.0,7.0,0.001246,0.09113311767578125,5000.0,5.0,1.0,7.0,0.001241,0.09113311767578125,5000.0,5.0,1.0,7.0,0.001234,0.09113311767578125,5000.0,5.0,1.0,4.0,0.007986,0.09113311767578125,5000.0,5.0,1.0,5.0,5.0,11.0,0.3125,4,7.0,0.00135,0.09113311767578125,5000.0,5.0,1.0,7.0,0.001344,0.09113311767578125,5000.0,5.0,1.0,7.0,0.001338,0.09113311767578125,5000.0,5.0,1.0,7.0,0.001332,0.09113311767578125,5000.0,5.0,1.0,4.0,0.008084,0.09113311767578125,5000.0,5.0,1.0,5.0,5.0,15.0,0.25,0.0625
